中药名,别名,英文名,药用部位,植物形态,产地分布,采收加工,药材性状,性味归经,功效与作用,临床应用,主要成分,配伍药方,药理研究,使用禁忌,图片路径,来源省份,药性,药味,归经
半夏 banxia,三叶半夏、三步跳、麻芋子、水芋、地巴豆。,Pinelliae Rhizoma。,天南星科植物半夏Pinellia ternata (Thunb.) Breit.的块茎。,多年生草本。块茎近球形。叶出自块茎顶端，在叶柄下部内侧生一白色珠芽；一年生的叶为单叶，卵状心形；2～3年后，叶为3小叶的复叶，小叶椭圆形至披针形，中间小叶较大，两侧的较小，先端锐尖，基部楔形，全缘，两面光滑无毛。肉穗花序顶生，花序梗常较叶柄长；佛焰苞绿色；花单性，无花被，雌雄同株；雄花着生在花序上部，白色，雄蕊密集成圆筒形，雌花着生于雄花的下部，绿色；花序中轴先端附属物延伸呈鼠尾状，直立伸出在佛焰苞外。浆果卵状椭圆形，绿色。花期5～7月，果期8～9月。,生于山坡草地、荒地、包谷地、田边、河边及疏林下。除内蒙古、新疆、西藏外，全国各地均有分布。,夏、秋季均可采挖，洗净泥土，除去外皮和须根，晒干或烘干。本品生用有毒，用前须炮制。炮制品有：生半夏、清半夏、姜半夏、法半夏等。,类球形，有的稍偏斜，直径0.8～1.5厘米。表面白色或浅黄色，顶端中心有凹陷的茎痕，周围密布棕色凹点状的根痕；下端钝圆，较光滑。质坚实，断面白色，富粉性。气微，味辛辣、麻舌而刺喉。,性温，味辛，有毒。归脾经、胃经、肺经。,燥湿化痰、降逆止呕、消痞散结。属化痰止咳平喘药下属分类的温化寒痰药。,内服用量3～9克；或入丸、散；外用研末调敷。用治湿痰冷饮、呕吐、反胃、咳喘痰多、胸膈胀满、痰厥头痛、头晕不眠等。,含挥发油，内含3-乙酰氨基-5-甲基异唑等60多种成分及16种氨基酸和多种无机元素。其中，所含的草酸钙针晶为半夏的刺激性成分之一，经炮制后，晶形发生变化，含量急剧下降，刺激性明显减弱。另含琥珀酸、丁基乙烯基醚、苯甲醛、半夏蛋白、姜辣醇、胰蛋白酶抑制剂等。,①治湿痰喘急，止心痛：半夏不拘多少，香油炒，为末，粥丸梧桐子大。每服三五十丸，姜汤下。(《丹溪心法》),具有镇吐、催吐、镇咳、祛痰、抗癌、抗生育、抗早孕、抗心律失常、抗实验性溃疡、抗矽肺、促使外周淋巴细胞分裂等作用。,阴虚燥咳、津伤口渴、血证及燥痰者禁服，孕妇慎服。不宜与川乌、制川乌、草乌、制草乌、附子同用，生品内服宜慎。,http://www.zhongyoo.com//uploads/allimg/131207/1-13120F9504V92.jpg,"内蒙古,新疆,西藏",性温,"味辛,有毒","脾经,胃经,肺经"
鱼胆草 yudancao,金盆、青鱼胆草、水灵芝、水黄连。,暂无数据,为龙胆科獐牙菜属川东獐牙菜Swertia davidi Franch.的全草。,多年生草本，高15～50厘米。根纤细，呈明显黄色。茎直立，四棱形，棱上具狭翅，基部多分枝。单叶对生，基生叶及下部叶具柄，上部叶近于无柄；叶片条形、条状披针形至条状椭圆形，长1～5厘米，宽1～5毫米，先端渐尖或稍钝，边缘全缘略反卷，两面均为绿色。圆锥状复伞形花序，长达36厘米，稀为聚伞花序，花梗纤细；花萼4片，线状披针形；花蓝色或淡紫色，具蓝紫色脉纹；花瓣4裂，裂片卵形或卵状披针形，先端渐尖，花瓣内侧基部有2个腺体，腺体沟状，具长毛状流苏；雄蕊4，着生于花冠基部；子房狭椭圆形，无柄，花柱短，不明显，柱头2裂口蒴果椭圆形。花、果期9～11月,生于海拔900～1200米的混交林下、河边、潮湿地。分布于浙江、安徽、湖北、湖南、四川、云南等地。,6～9月采收，晒干或鲜用。,鱼胆草呈黄绿色。根纤细少分枝，根茎略呈圆柱形。茎纤细圆形略呈四棱形，多分枝，尤以基部为多，光滑无毛。单叶对生，近无柄；多皱缩。完整叶片线形或线状披针形，长1～4厘米，宽1～3毫米，先端尖，全缘，略反卷。有时可见残留花序或花。气微，味苦。,性凉，味苦。归肺经、肝经、胆经。,清热泻火，解毒利湿。属清热药下分类的清热泻火药。,煎汤内服，用量3～9克，或研末冲服。外用适量，捣敷。主治急性结膜炎，急性咽喉炎，扁桃体炎，胆囊炎，胃肠炎，细菌性痢疾，泌尿道感染、湿热黄疸，肺热咳嗽，带状疱疹，疥癣疮毒。,鱼胆草主含黄酮类，环烯醚萜类、三萜类化合物等，以獐牙菜苦苷、龙胆苦苷、熊果酸、齐墩果酸为其代表成分。,1.治肺炎：鱼胆草10克，栀子12克，黄芩9克，水煎服。(《湖北中草药志》),鱼胆草煎剂对白色葡萄球菌、鲍氏痢疾杆菌、福氏痢疾杆菌、志贺痢疾杆菌、伤寒及副伤寒杆菌、不凝集弧菌等有抑制作用，临床治疗菌痢有明显疗效。鱼胆草用95%乙醇提取物给小鼠灌服，对四氯化碳(CCI₄)所致小鼠肝损伤有明显保护作用，可使丙氨酸氨基转移酶( ALT)明显降低，从中分得之熊果酸能明显降低CCl₄所致小鼠ALT升高，表明其是保肝有效成分之一。,尚不明确。,http://www.zhongyoo.com//uploads/allimg/2112/1-2112111GS6206.jpg,"浙江,安徽,湖北,湖南,四川,云南",性凉,味苦,"肺经,肝经,胆经"
路路通,枫实、枫木上球、枫香果、枫果、枫树球、狼眼、九空子、狼目、聂子。,Liquidambaris Fructus,金缕梅科植物枫香Liquidambar formosana Hance.的成熟果序。,乔木，高达40米。树皮灰褐色，粗糙，有皮孔。单叶互生，叶片宽卵形，常3裂，幼枝及萌发枝的叶多为掌状5裂，上面深绿色，下面淡绿色；叶柄长3～7厘米；托叶线形，早落。花单性，雌雄同株；雄花为柔荑花序，无花被，雄蕊多数，花丝不等长；雌花为球形的头状花序，直径1.5厘米，有花23～43朵，花序梗长，萼齿5，钻形，无花瓣，子房半下位，2室，胚乳多数，花柱2，柱头弯曲。蒴果多数集生成头状球形果序，直径2.5～4.5厘米，表面有由宿存花柱及子房周围的苞片变成的刺状物，蒴果长椭圆形，下部藏于花序轴内，成熟时顶孔开裂。种子有发育不完全和发育完全两型，前者占多数，多角形，细小，黄棕色，后者长圆形而扁，具翅，褐色。花期3～4月，果期9～10月。,生于平原及丘陵地带。分布于我国华东、华南、西南等地。,冬季果实成熟后采收，除去杂质，干燥。,聚花果，由多数小蒴果集合而成，球形，直径2～3厘米。基部有总果梗。表面灰棕色或棕褐色，有多数尖刺及喙状小钝刺，长0.5~1厘米，常折断，小蒴果顶部开裂，呈蜂窝状小孔。体轻，质硬，不易破开。气微，味淡。,性平，味苦。归肝经、肾经。,祛风活络，利水通经。属祛风湿药下属分类的祛风湿强筋骨药。,用量5～9克，煎服。用治关节痹痛、麻木拘挛、水肿胀满、乳少经闭。,路路通含挥发油、黄酮类、酚类、有机酸及糖类。此外，尚含齐墩果酮酸甲酯、3-表齐墩果酸甲酯、3-表齐墩果酸甲酯，挥发油中含有β-松油烯、β-蒎烯、柠檬烯、α-松油烯等成分。另含熊果酸、28-去甲齐墩果酮酸、苏合香素、齐墩果酸、氧化丁香烯、a-榄香烯、环氧苏合香素、路路通内酯等成分。,①治癣：路路通10个(烧存性)，白砒0.15克。共末，香油搽。(《纲目拾遗》引《德胜堂方》),抗炎；保肝。药理实验表明，路路通有明显促进大鼠“甲醛化”关节炎肿胀消退和治疗蛋清性关节炎的功效与作用。,阴虚、月经过多及孕妇禁服。,http://www.zhongyoo.com//uploads/allimg/140122/1-140122103013942.jpg,"华东,华南",性平,味苦,"肝经,肾经"
党参 dangshen,条党、单枝党、板桥党、防党参、上党参、狮头参、中灵草、黄参。,Codonopsis Radix。,桔梗科植物党参Codonopsis pilosula(Franch.)Nannf.、素花党参Codonopsis pilosula Nannf.var.modesta(Nannf.)L.T.Shen或川党参Codonopsis tangshen Oliv.的干燥根。,草质藤本。除叶片两面密被柔毛外，全体几近无毛。根常肥大肉质，呈纺锤状或纺锤状圆柱形，少分枝或中部以下略有分枝，表面灰黄色。茎缠绕多分枝。叶在主茎及侧枝上的互生，在小枝上的近于对生；叶片卵形、窄卵形或披针形，顶端钝或急尖，基部楔形或较圆钝，稀心形，上面绿色，下面灰绿色，边缘浅钝锯齿。花单生于枝端，与叶柄互生或近于对生；有花梗，花萼5深裂，仅基部与子房合生，长圆状披针形，先端急尖，微波状或近于全缘；花冠钟状，淡黄绿色内有紫斑，5浅裂，裂片近于正三角形；花丝基部微扩大；子房下位。种子多数，椭圆形，细小，棕黄色。花、果期7～10月。,生长于海拔900～2300米的林边灌木丛中，现有大量栽培。分布于湖北、湖南、四川、贵州等地。,秋季采挖3年生以上的根，洗净，晒干。,圆柱形，末端较细，有的分枝，长10～45厘米， 径0.5～2厘米。表面灰黄色至黄棕色，根头部有多数疣状突起的茎痕和芽，习称“狮子盘头”，根头下部有环状横纹，全体有明显不规则的纵沟及散在横长皮孔；支根断落处有黑褐色胶状物，习称“豆豉尾”。质较软而结实，断面稍有裂隙，皮部黄白色，木部淡黄色。气香特异，味甜。,性平，味甘。归脾经、肺经。,补中益气、健脾益肺。属补虚药下属分类的补气药。,用量9～30克，煎服；或熬膏、入丸、散。生津、养血宜生用；补脾益肺宜炙用。用治脾肺虚弱、气短心悸、食少便溏、虚喘咳嗽、内热消渴。,党参含挥发油、黄芩素葡萄糖苷、微量生物碱、氨基酸、多糖及皂苷，并含有丁香苷、正己基-β-D-吡喃葡萄糖苷、蒲公英赛醇、无羁萜等成分。,①清肺气，补元气，开声音，助筋力：党参(软甜者，切片)一斤，沙参(切片)半斤，桂圆肉四两。水煎浓汁，滴水成珠，用瓷器盛贮。每用一酒杯，空心滚水冲服，冲入煎药亦可。(《得配本草》上党参膏),增强机体应激能力、免疫功能，延缓衰老，抗溃疡，能使离体豚鼠和兔肠紧张性升高，收缩加强，并能拮抗5-羟色胺引起的肠挛缩，但对乙酰胆碱引起的无明显作用；能显著减少小鼠自发活动，延长戊巴比妥钠或环己巴比妥的睡眠时间；能增进或改善小鼠记忆的获得、记忆巩固和樟柳碱引起的记忆获得障碍；可使家兔红细胞数及血红蛋白量增加，白细胞总数减少。还有抗肿瘤、升高血糖和抑菌作用等。党参水煎液灌胃，使小鼠对钴-γ射线有一定保护作用。多糖对实验动物应激性溃疡等多种溃疡均有明显的对抗作用。党参注射液有抗心肌缺血、缺氧的功效与作用。,实证、热证禁服；正虚邪实证，不宜单独应用，不宜与黎芦同用。,http://www.zhongyoo.com//uploads/allimg/131231/1-13123111430BQ.jpg,"湖北,湖南,四川,贵州",性平,味甘,"脾经,肺经"
胆木,山熊胆、熊胆树、细叶黄棵木、黄羊木、药乌檀、黄胆木、黄心木、树黄柏。,暂无数据,为茜草科植物胆木Nauclea officinalis Pierre. ex Pitard的枝、树皮。,乔木，高4～12米，小枝纤细而光滑。叶纸质，对生，椭圆形，稀倒圆形，长7～11厘米，宽3.5～5厘米。顶端渐尖而略钝，基部楔形，侧脉每边5～7对，纤细，向上斜伸，近边缘处连结，在叶片两边略凸起；叶柄长10～15厘米，稍粗壮；托叶早落，倒卵形，长6～10厘米，顶端钝圆。头状花序顶生，单生；总花梗长1～3厘米，中部以下有早落的苞片。小坚果合成一球状体，成熟时黄褐色，直径9～15厘米，表面粗糙。种子椭圆形，长1厘米，腹面平坦，背面拱起，种皮黑色有光泽并有微小窝孔。果期夏季。,生于半山腰荫蔽潮湿地带的杂木林中。主产于广东、广西、海南、湖南等地。,全年均可采，切片，晒干。,多劈成不规则的片、块，浅黄色或棕黄色，有的残留皮部，外皮灰绿色或者棕绿色，粗糙，具多数点状皮孔，较疏松，易剥离。横切面皮部棕褐色，木部黄色或棕黄色。质坚硬，气微，味苦。,性寒，味苦。归肺经、大肠经。,清热解毒，消肿止痛。属清热药下分类的清热解毒药。,煎汤内服，用量15～30克。外用适量，煎水洗。用治乳蛾，痢疾，热淋，下肢溃疡，疖肿脓疡，湿疹。,胆木茎中主要含生物碱类和生物碱苷类，其中生物碱有：乌檀费新碱，乌檀费丁碱，乌檀福林碱，1-乙酰基咔啉，乌檀费林碱和乌檀醛碱。生物碱苷有胆木碱庚，胆木碱辛和长春花苷内酰胺。另外含有奎诺酸，β-谷甾醇，香草酸。,1.治钩端螺旋体病：①胆木注射液(每1毫升含胆木的乙醇提取物3克)，每8小时肌内注射1次，每次2～3毫升，用至体温正常后2～3天。有出血倾向者加紫珠草30克，水煎，每日分3次服。②胆木、大青叶、地胆草、紫珠草各60～90克(小儿酌减)，加水3碗，煎成1碗，分3次口服。在口服合剂的同时可加用胆木注射液。(《全国中草药汇编》),从胆木茎中分离得到的乌檀醛碱经抑菌试验表明有抑菌作用，乌檀醛碱在100μg/ml以上对金黄色葡萄球菌、蜡样芽胞杆菌有明显抑制作用。胆木浸膏片对冰醋酸所致的小鼠腹部毛，细血管通透性增加和二甲苯所致的小鼠耳肿胀具有非常显著的抑制作用，并显著抑制大鼠蛋清性足跖肿胀形成和棉球性慢性肉芽组织增生，对伤寒V₁多糖菌苗所致的家兔双高峰体温升高有解热功效与作用。,尚不明确。,http://www.zhongyoo.com//uploads/allimg/2112/1-21121019112T27.jpg,"广东,广西,海南,湖南",性寒,味苦,"肺经,大肠经"
山姜 shanjiang,和山姜、九姜连、姜叶淫羊藿、九龙盘、姜七、高良姜、鸡爪莲,Rhizoma Alpiniae Japonicae,为姜科植物山姜Alpinia japonica( Thunb.) Miq.的干燥根茎。,多年生草本，高35～70厘米。根茎横生，分枝。叶片通常2～5片；近无柄至具长达2厘米的叶柄；叶舌2裂，长约2毫米，被短柔毛；叶片披针形，倒披针形或狭长椭圆形，长25～40厘米，宽4～7厘米，两端渐尖，先端具小尖头，两面被短柔毛。总状花序顶生，长15～30厘米，花序轴密生绒毛；花通常2朵聚生，小花梗长约2毫米；萼棒状，长1～1.2厘米，被短柔毛，先端3齿裂；花冠管长约1厘米，被疏柔毛，花冠裂片长圆形，长约1厘米，外被绒毛，后方的一枚兜状；侧生退化雄蕊线形，长约5毫米；唇瓣卵形，宽约6毫米，白色而具红色脉纹，先端2裂，边缘具不整齐缺刻；雄蕊长1. 2～1. 4厘米；子房密被绒毛。果球形或椭圆形，熟时橙红色，先端具宿存的萼筒；种子多角形，有樟脑味。花期4～8月，果期7～12月。,生于林下阴湿处。主产于我国浙江、福建、江西、湖北、湖南、广东、广西、四川、贵州、台湾等地。,栽种2-3年后春季采挖，除去泥沙及杂质，洗净，晒干。,本品呈圆柱形，有分枝，长5～20厘米，直径0.3～1.2厘米。表面棕色或红棕色，有细密的纵皱纹及灰棕色的细密环节，被有鳞皮状叶鞘，节上有细长须根及圆形的根痕。分枝顶端有茎痕或芽痕。质柔韧，不易折断。断面黄白色或灰白色，纤维性较强，有明显的粉性，圆形内皮层环纹明显，可见细小的孔隙及筋脉点。气香，味辛辣。,性温，味辛。归肺经、胃经。,温中，散寒，祛风，活血。属温里药。,内服：煎汤，用量5～10克。外用适量，捣敷或煎水洗。用于脘腹冷痛，风湿筋骨疼痛，劳伤吐血，跌损瘀滞，月经不调。,根茎挥发油：9(10)-佛术烯-11-醇，9-羟基山姜内酯二氢沉香呋喃，10-表γ-桉叶醇，3β，4β-环氧沉香呋喃，山姜烯酮，山姜萜醇，广藿香奥醇，汉山姜过氧萜酮，异汉山姜过氧萜酮，山姜内酯过氧化物，6-羟基山姜内酯，汉山姜环氧萜醇，山姜内酯，呋喃天竺葵酮A和B，α-沉香呋喃，4α-羟基二氢沉香呋喃，3α，4α-环氧沉香呋喃，β-桉叶醇，汉山姜过氧萜醇，6，9-愈创木二烯，10-表-5β-氢过氧基-β-桉叶醇，10-表-5α-氢过氧基-β-桉叶醇，4，10-表-5β-羟基二氢桉叶醇。,1.治风湿筋骨痛：和山姜根500克，花椒子30克，五加皮150克。煎水洗。(《湖南药物志》),山姜小剂量对豚鼠小肠无影响，大剂量呈抑制作用，和山姜对乙酰胆碱和氯化钡引起的大鼠肠管紧张性、强直性收缩均有部分拮抗作用。山姜水煎剂灌胃对幽门结扎型、应激型及利血平型大鼠实验性胃溃疡均有不同程度的抑制作用，但对吲哚美辛(消炎痛)型胃溃疡作用不明显。体外试验，山姜煎剂对结肠炎耶尔森菌和摩根变形杆菌的最低抑菌浓度(MIC)是1/160(抑菌力达中度)，最低杀菌浓度(MBC)是1/80(杀菌力为低度)，对福氏痢疾杆菌的抑、杀菌作用分别是1/40和1/10，属低度有效，对肠毒素型大肠杆菌均不表现抑、杀菌作用。,尚不明确。,http://www.zhongyoo.com//uploads/allimg/2112/1-21120616012C93.jpg,"浙江,福建,江西,湖北,湖南,广东,广西,四川,贵州,台湾",性温,味辛,"肺经,胃经"
藤黄 tenghuang,玉黄、月黄。,Gutii(Gambogia),为藤黄科植物藤黄树Garcinia hanburii Hook.f.的干燥胶树脂。,常绿乔木，高约18米，小枝四棱形。叶对生，薄革质。椭圆状卵形或卵状披针形，长10-15厘米，先端钝，基部楔形，全缘；叶柄长8毫米，花单性，腋生，黄色，无柄；萼与花瓣均4片，圆形，覆瓦状排列；雄花2-3，簇生，雌花单生，较大，浆果亚球形。,生热带地区。分布于印度、泰国。我国南部及西南部地区亦产。,于雨季，在离地面3公尺的树干上作一螺旋割口，并以一较大竹筒受之，使液汁缓缓流人，然后再注人一小竹筒中，放置月余即成固体状，以火烘之，除去竹筒，收集固体物。,呈圆筒状，中空，长10～20厘米，有时成短段状，直径3～5厘米，有时为不规则的块状物或碎块粒状。外表红黄色或橙黄色，具容器遗留的细纵纹理，常被绿黄色的粉霖质硬，易碎，碎面平滑，具膜样光泽及具角状纹理。气微，味辛辣。,性寒，味酸、涩。归胃经、大肠经。,消肿排脓，散瘀解毒，杀虫止痒。属拔毒生肌药。,0.03～0.06克，炮制后入丸剂。外用：适量，研末调敷、磨汁涂搽或熬膏涂敷。用于痈疽肿毒。跌扑损伤；外用治顽癣。,含藤黄素，已知结构的有α-藤黄素及β-藤黄素，另含藤黄酸、异藤黄酸，树汁亦含藤黄双黄酮。,1.治一切无名肿毒：藤黄四两，白蜡八两，小磨麻油十二两。先将油煎熟，将成珠，入水不散，再加藤黄、白蜡搅匀，磁瓶收，面上仍以麻油养之，临用摊贴。(《不药良方》风气膏),藤黄在体内和体外均有选择性抗癌功效与作用；通过对戊巴比妥钠阈下催眠剂量的影响，表明藤黄各有明显的镇静作用，醋酸扭体反应说明藤黄有明显的镇痛作用；藤黄乙醇提取物的水混悬液低浓度兴奋、高浓度抑制兔离体十二指肠平滑肌；藤黄0.04-0.16mg/ml在试管内对金黄色葡萄球菌、八叠球菌和枯草杆菌有抑制作用。,本品毒性较大，内服少量，即能致泻。体质虚弱者禁服。如误服过量，则可引起头昏、呕吐、腹痛、泄泻，甚至致死，故多作外用，很少内服。,http://www.zhongyoo.com//uploads/allimg/2112/1-2112011R1413b.jpg,暂无数据,性寒,"味酸,涩","胃经,大肠经"
肉豆蔻 roudoukou,肉豆叩、肉果、玉果、顶头肉、迦拘勒。,Myristicae Semen。,肉豆蔻科植物肉豆蔻Myristica fragrans Houtt.的成熟种仁。,常绿乔木。单叶互生，革质；叶片椭圆状披针形或长圆状披针形，先端渐尖，基部急尖，全缘，上面暗绿色，下面色较淡，并有红棕色的叶脉。总状花序腋生，花单生，异株，小苞片鳞片状，花被钟形，3裂，黄白色；雄蕊8~12枚，花丝联合成圆柱状，花药合生；子房1室，柱头无柄。果实梨形或近圆球形，淡黄色或橙红色，肉质，露出红色肉质的假种皮，内含种子1粒，种皮红褐色，木质坚硬。,【产地分布】热带地区广为栽培。分布于马来西亚、印度尼西亚、巴西等国家。我国云南、海南、广东有栽培。,每年4～6月及11～12月各采收1次。成熟果实剖开果皮，剥下假种皮，击破壳状种皮。直接烘干，或将种仁放入石灰乳中浸1天，然后低温烘干。,卵圆形或椭圆形。表面灰棕色或灰黄色，有时外被白粉(石灰粉末)。全体有浅色纵行沟纹及不规则网状沟纹。种脐位于宽端，呈浅色圆形突起，合点呈暗凹陷。种脊呈纵沟状，连接两端。质坚，断面显棕黄色相杂的大理石花纹，宽端可见干燥皱缩的胚，富油性。气香浓烈，味辛。,性温，味辛。归大肠经、胃经、脾经。,温中行气、涩肠止泻。属收涩药下分类的敛肺涩肠药。,用量3～9克，煎服。用治脾胃虚寒、久泻不止、脘腹胀痛、食少呕吐。肉豆蔻(去壳，为末)l两，生姜汁二合，白面2两。上三味，将姜汁和面做饼，裹肉豆蔻末煨令黄熟，研为细散。每服二钱七，空心米饮调下，日午再服。治水泻无度、肠鸣腹痛(《圣济总录》肉豆蔻散)。,肉豆蔻主含挥发油，主要活性成分肉豆蔻醚、黄樟醚。另含脂肪油、淀粉、没食子油酸等其他成分。,1.治脾胃虚弱，大便不实，饮食不思：破故纸(炒)四两，肉豆蔻(生用)二两，五味子二两，吴茱萸四两。上药为末。生姜四两切碎，红枣四十九枚，用水一碗煮姜、枣，去姜，水干，取枣肉和药丸，桐子大。每服五七十丸，空心盐汤下。(《内科摘要》四神丸),肉豆蔻主要有止泻抗炎、抗血小板凝聚、抗癌、中枢镇静、抗菌等功效与作用。,有小毒。凡使，勿令犯铜不能用金属物品存放，不宜用生品。,http://www.zhongyoo.com//uploads/allimg/131213/1-13121310240NM.jpg,"云南,海南,广东",性温,味辛,"大肠经,胃经,脾经"
山萸肉 shanyurou,山茱萸、萸肉、药枣。,Corni Fructus。,山茱萸科植物山茱萸Cornus officinalis Sieb.et Zucc.的成熟果肉。,落叶灌木或小乔木，高约4米。树皮淡褐色，成薄片剥裂。枝皮灰棕色，小枝无毛。单叶对生，具短柄；叶片椭圆形或长椭圆形，先端渐尖，基部圆或楔形，全缘，上面疏生平贴毛，下面粉绿色，毛较密，侧脉6～8对，脉腋有黄褐色毛丛。夏季先叶开黄色花，伞形花序顶生或腋生，基部具4个小型苞片，花萼裂片4，不明显；花瓣4，长约3毫米；雄蕊4枚，与瓣互生；子房下位，2室，花柱1。核果长椭圆形，光滑，熟时红色，果梗细长，果皮干后呈网纹状。种子长椭圆形，两端钝圆。花期3～4月，果期9～10月。,生于阴湿沟畔、溪旁或向阳山坡灌丛中；有栽培。分布于山西、陕西、山东等地。,秋末冬初果皮变红时采收果实，用文火烘或置沸水中略烫后，及时除去果核，干燥。,果肉呈不规则的片状或囊状，长1～1.5厘米，宽0.5～1.5厘米，厚约1毫米。表面紫红色至紫黑色，皱缩，有光泽。内表面不平滑，有少数纵向脉纹。顶端有的有圆形宿萼痕，基部有果柄痕。质柔润。气微，味酸、涩、微苦。,性微温，味酸、涩。归肝经、肾经。,补益肝肾、涩精固脱。属收涩药下属分类的固精缩尿止带药。,用量6～12克。用治眩晕耳鸣、腰膝酸疼、阳痿遗精、遗尿尿频、崩漏带下、大汗虚脱、内热消渴。,山萸肉含有单萜类、脂肪醛、脂肪烃，酸、酯等芳香族化合物，另含有苷类成分，如山茱萸苷、莫罗忍冬苷、7-O-甲基莫罗忍冬苷、獐牙菜苷、番木鳖苷以及鞣质类成分和苹果酸、酒石酸、没食子酸、维生素A。,1.肾虚腰痛、阳痿遗精：山萸肉、补骨脂、菟丝子、金樱子各12克，当归9克，水煎服。,药理研究表明，山萸肉有增强机体免疫功能、抗炎、抗衰老、抑菌等功效与作用。此外，还证实有抑制血小板聚集及抗血栓形成的作用以及降血糖、血脂、强心、抗失血性休克等作用。,命门火炽，肝阳上亢，及素有湿热，小便不利者禁服。,http://www.zhongyoo.com//uploads/allimg/2111/1-21112121450QI.jpg,"山西,陕西,山东",性微温,"味酸,涩","肝经,肾经"
萝藦 luomo,芄兰、羊角菜、婆婆针线包、奶桨藤、野隔山消。,Herba Acalyphae,萝藦科植物萝藦Metaplexis japonica (Thunb.) Makino的干燥全草或根。,多年生草质藤本，长达8米。全株具乳汁；茎下部木质化，上部较柔韧，有纵条纹，幼叶密被短柔毛，老时毛渐脱落。叶对生，膜质；柄长3～6厘米，先端具丛生腺体；叶片卵状心形，长5～12厘米，宽4～7厘米，先端短渐尖，基部心形，叶耳圆，长1～2厘米，上面绿色，下面粉绿色，两面无毛；侧脉10～12对，在叶背略明显。总状式聚伞花序腋生或腋外生；总花梗长6～12厘米，被短柔毛；花梗长约8毫米，被短柔毛；小苞片膜质，披针形，先端渐尖；花萼裂片披针形，外面被微毛；花冠白色，有淡紫红色斑纹，近辐状；花冠裂片张开，先端反折，基部向左覆盖；副花冠环状，着生于合蕊冠上，短5裂，裂片兜状；雄蕊连生成圆锥状，并包围雌蕊在其中；花粉块下垂；子房由2枚离生心皮组成，无毛，柱头延伸成一长喙，先端2裂。蓇葖果叉生，纺锤形，平滑无毛，长8～9厘米，先端渐尖，基部膨大。种子扁平，褐色，有膜质边，先端具白色绢质种毛。花期7～8月，果期9～12月。,生于林边荒地、河边、路旁灌木丛中。分布于东北、华北、华东及陕西、甘肃、河南、湖北、湖南、贵州等地。,7～8月采收全草，鲜用或晒干。块根夏、秋季采挖，洗净，晒干。,常单一或数股绞扭呈束状，长短不一。茎为长圆柱形，老茎略偏，稍扭曲，具分枝。直径达1.5厘米；表面灰白色或浅黄绿色，有纵纹及节；质柔韧或稍脆，折断面皮部强纤维性老茎木质部明显，常呈新月形至半月形，可见众多管孔，髓部中空。叶对生，多皱缩，展平后叶片呈卵状心形至长卵形，长4～10厘米，宽3～8厘米；顶端渐尖，基部心形，全缘或微波状，上面枯黄色或浅黄绿色，背面色较浅或呈粉黄色，具长柄。总状花序被灰白色短柔毛。蓇葖果长卵形或卵状披针形。种子顶端具一簇白色长绢毛。气微，味淡。,性平，味甘、辛。归脾经、肺经、肾经(《吉林省中药材标准第一册（2019年版）》)。,补精益气，通乳，解毒。属补虚药下属分类的补阳药。,内服：煎汤，15～60克。外用：鲜品适量，捣敷。主治虚损劳伤，阳痿，遗精白带，乳汁不足，丹毒，瘰疬，疔疮，蛇虫咬伤。,本品含酯型苷、苯甲酰热马酮、萝藦苷元、异热马酮、肉珊瑚苷元、萝藦米宁、二苯甲酰萝藦醇、去酰萝藦苷元、去酰牛皮消苷元、夜来香素、去羟基肉珊瑚苷元等。,①治阳痿：箩藦根、淫羊藿根、仙茅根各9克。水煎服，每日1剂。（《江西草药》）,具有抗肿瘤、降血糖、降血脂、抗生育作用。,老弱气虚者慎服，孕妇禁服。,http://www.zhongyoo.com//uploads/allimg/2111/1-211119102Z59C.jpg,"华北,华东,陕西,甘肃,河南,湖北,湖南,贵州",性平,"味甘,辛","脾经,肺经,肾经"
乌桕子 wujiuzi,乌桕种子、乌茶子、桕子、琼子。,暂无数据,大戟科植物乌桕Sapium sebiferum(L.)Roxb.的种子。,落叶乔木，高3～15米。树皮灰褐色，深纵裂，皮孔细点状；枝细长，灰白色。叶互生；叶片纸质，菱形至菱状卵形，长宽3～9厘米，顶端骤尖或尾状长尖，基部宽楔形或近圆形，全缘，上面绿色，稍有光泽，下面初时粉白色，后渐变黄色，秋时变红赭色；叶柄长2～7厘米，上部接近叶片基部具2圆形腺体。花单生，雌雄同株，无花瓣及花盘，穗状花序顶生，初时全部为雄花；后于花序基部生1～4朵雌花；雄花小，萼杯状，3浅裂，雄蕊2，稀3，花丝分离；雌花具短梗，着生处两侧各有近肾形腺体1，花萼3深裂，子房光滑，3室，花柱3。蒴果木质梨状球形，具尖头。种子近圆形黑色，外被白色蜡层。花期6～7月，果期10～11月。,生于郊野、路边、溪边、低山杂木林中；也有栽培。分布于广东、广西、江苏、山东、安徽、江西等地。,秋末、初冬采摘，鲜用或晒干。,椭圆形或半球形，长5～8毫米，直径4～6毫米，表面具白色或灰白色较厚的蜡层，种脊条形，稍隆起，基部有小种阜。除去蜡层，种皮黑褐色或棕褐色，坚硬，不易压碎。胚乳肥厚，类白色，富含脂肪油。气味均淡。,性凉，味甘。归肾经、肺经,杀虫、利水、通便。属杀虫止痒药。,用量3～5克，水煎服，外用适量，煎水洗或捣烂敷患处。外用可治脓疮、疥癣、湿疹、皮肤皲裂。内服可与逐水攻下药配伍用于水肿、便秘。,乌桕子油中含有强光学活性的三脂酸甘油酯。还含3-α-羟基-21αH-何帕-28-烯、21αH-何帕-28-烯-3-酮。,1.治竹木刺入肉：乌桕种子合冷饭粒捣烂敷患处，刺即逐渐浮出。(《泉州本草》),乌桕子有致炎等功效与作用：乌桕种子中佛波酯类在耳部试验中有致炎作用，激活哺乳动物脑部纯化的蛋白激酶C，有一定的促进肿瘤发生作用。,老弱体虚、孕妇及胃溃疡病患者忌服。有毒，中毒症状为恶心、呕吐、腹痛、腹泻等，严重者尚可出现四肢发麻、口唇发麻、面色苍白，心慌、胸闷等。,http://www.zhongyoo.com//uploads/allimg/2111/1-211112223542559.jpg,"广东,广西,江苏,山东,安徽,江西",性凉,味甘,"肾经,肺经"
一点红 yidianhong,红背叶、叶下红、羊蹄草、红背中、土公英。,Eiliae Herba,本品为菊科植物一点红Eilia sonchifolia (L.) DC.的全草。,一年生或多年生草本，高10～50厘米。茎直立，无毛或被疏毛，时有分枝。叶稍带肉质，茎下部叶片卵形，琴状分裂或具钝齿，长4～9厘米，上部叶较小，常抱茎，叶面绿色，叶背常紫红色。头状花序，长12～15毫米，具长柄，花枝通常二歧分枝，总苞绿色，圆柱状，基部稍膨大，苞片1列，约与花冠等长；花紫色，全为管状花，花冠顶端5齿裂。瘦果圆柱形，长约4毫米，有棱，冠毛白色，柔软。花期冬末至春初。,常生于山野、村边、路旁、田洼或旷野草地上。主产于广东、广西、福建、贵州、云南、湖南、江西等地。,夏、秋季采收，去除杂质，洗净，晒干。,本品长10～70厘米。根呈现圆锥状，多弯曲。茎呈圆柱形，黄绿色至棕褐色，直径可达0.5厘米，有分枝。体轻质脆，易折断，断面较平坦，髓部占较大部分，类白色。单叶互生，灰绿色至灰褐色，皱缩。茎下部叶卵形，琴状分裂或具钝齿，长4～10厘米，上部叶较小，无柄，常抱茎。头状花序，总苞圆柱状，基部稍膨大，瘦果圆柱形，长3～5毫米。气微，味淡。,性凉，味苦。归肺经、胃经、大肠经。,清热解毒，消炎，利尿。属清热药下分类的清热解毒药。,15～30克；外用适量，鲜品捣烂敷患处。用于肠炎、痢疾、尿路感染、上呼吸道感染、结膜炎、口腔溃疡、疮痈。,叶、茎、根中含微量氢氰酸，全草含黄酮化合物山柰酚-3-β-D-半乳糖苷、槲皮苷、芦丁、槲皮素以及熊果酸等。地上部分含千里光碱、β-谷甾醇、棕榈酸和蜂蜜酸等。,1.疖、蜂窝组织炎、脓肿、乳腺炎、甲沟炎：一点红、穿心莲、白花蛇舌草、鸡骨香、两面针各50克，共研末。高压消毒后，加凡士林至1000克，即成25%的药膏。敷患处，每日1次。,1.抑菌作用：一点红醇提和水提物对大肠杆菌、绿脓杆菌，福氏痢疾杆菌、伤寒杆菌、肠炎杆菌、金黄色葡萄球菌、乙型溶血性链球菌、肺炎双球菌等均具有抑菌作用。,过量使用易导致氢氰酸中毒。,http://www.zhongyoo.com//uploads/allimg/2111/1-21110R1291AL.jpg,"广东,广西,福建,贵州,云南,湖南,江西",性凉,味苦,"肺经,胃经,大肠经"
醉鱼草 zuiyucao,鱼尾草、醉鱼儿草、樚木、闹鱼花、痒见消、四方麻、阳包树、鱼鳞子、药杆子、驴尾草、羊尾巴、防痛树、鸡公尾、毒鱼藤、鲤鱼花草、药鳗老醋、野巴豆、老阳花、萝卜树子、药鱼子、土蒙花、花玉成、四棱麻、羊饱药、羊白婆、金鸡尾、洞庭草、白皮消、铁帚尾、红鱼波、红鱼皂、铁线尾、四季青、白袍花、糖茶、水泡木、雉尾花、楼梅草、鱼泡草、鱼藤草、洋波、鱼背子花、一串花、狗头鹰、红鱼鲄、鱼白子花、野刚子、鱼尾子、鱼花草、毒鱼草。,暂无数据,马钱科植物醉鱼草Buddleja lindleyana Fort.的茎叶。,落叶灌木，高1～3米，树皮茶褐色。小枝具四棱而略带翼状，幼时密被黄色星状毛及鳞片。叶对生，椭圆形或卵状披针形，长3～10厘米，宽1.5～3厘米，纸质，先端尖，基部楔形或钝圆，全缘或有疏锯齿，幼时背面密被黄绿色星状毛及鳞片。花序穗状，直立，长7～20厘米;花萼、花冠4裂，均有鳞片;花冠紫色，稍弯曲，冠筒内面白紫色，具细柔毛;雄蕊4，花丝极短，着生于花冠筒下部;子房上位，2室。蒴果矩圆形，被鳞片。种子无翅。花期4～8月，果期10～11月。,生于山坡、溪边的灌丛中，亦有栽培以供观赏。分布于长江以南大部分地区。,全年可采全株或叶，晒干。,小枝呈四棱柱形，表面茶褐色。幼枝具密被黄色星状毛及鳞片。叶对生，椭圆形或卵状披针形，表面浅黄棕色，先端尖，基部楔形或钝圆，全缘或有疏锯齿，质脆易碎。花序穗状，长7～20厘米，花冠4裂，呈暗棕色。气微，味微苦。,性温，味苦、辛。有小毒。,止咳定喘，活血祛瘀，驱虫。属驱虫药。,用量10～30克，水煎服。鲜草量可酌情加大。临床上可用于治疗感冒、咳嗽、哮喘以及跌打损伤，外伤出血。还可治疗钩虫病。,醉鱼草全株含醉鱼草苷、醉鱼草糖苷及多种黄酮类成分。,暂无数据,醉鱼草有某些杀昆虫和抑菌的功效与作用。,本种花叶有毒，如服用过量会引起头晕、呕吐、呼吸困难、四肢麻木和震颤。,http://www.zhongyoo.com//uploads/allimg/2111/1-21110H0132BJ.jpg,暂无数据,性温,"味苦,辛,有小毒",暂无数据
铁苋 tiexian,铁苋菜、六合草、血见愁、喷水草、人苋、海蚌含珠、撮斗撮金珠、半边珠、野黄麻、小耳朵草、痢疾草、猫眼草、茶丝黄、沙罐草、灯盏窝、田螺草、血布袋、七盏灯。,Herba Acalyphae,大戟科植物铁苋菜Acalypha australis L.及短穗铁苋菜A. brachystachya Hormen的干燥全草。,一年生草本，高30～50厘米。茎直立，分枝，被微柔毛。叶互生；叶柄长2～5厘米；叶片卵状菱形或卵状椭圆形，长2～7.5厘米，宽1.5～3.5厘米，先端渐尖，基部楔形或圆形，基出脉3条，边缘有钝齿，两面均粗糙无毛。穗状花序腋生；花单性，雌雄同株；通常雄花序极短，长2～10毫米，生于极小苞片内；雌花序生于叶状苞片内；苞片展开时肾形，长1～2厘米，合时如蚌，边缘有钝锯齿，基部心形；花萼四裂；无花瓣；雄蕊7～8枚；雌花3～5朵；子房被疏柔毛，3～4室；花柱羽状分裂至基部。蒴果小，三角状半圆形，被粗毛；种子卵形，长约2毫米，灰褐色。花期5～7月，果期7～10月。,生于旷野、丘陵、路边较湿润的地方。分布于长江、黄河中下游各地及东北、华北、华南、西南各地及台湾。,5～7月间采收，除去泥土，晒干或鲜用。,本品长20～40厘米，全体被灰白色细柔毛，粗茎近无毛。根多分枝，淡黄棕色，茎类圆柱形，有分枝，表面黄棕色或黄绿色，有纵条纹；质硬，易折断，断面黄白色，有髓或中空。叶片多皱缩，破碎，完整者展平后呈卵形卵状菱形，长2.5～5.5厘米，宽1.2～3厘米，黄绿色，边缘有钝齿，两面略粗糙。花序腋生，苞片三角状肾形，合时如蚌。蒴果小，三角状扁圆形，气微，味淡。,性凉，味苦、涩。归心经、肺经、大肠经、小肠经。,清热利湿，凉血解毒，消积。属止血药下属分类的凉血止血药。,内服：煎汤，10～15克；鲜品30～60克。外用：适量，水煎洗或捣敷。主治痢疾，泄泻，吐血，衄血，尿血，便血，崩漏，小儿疳积，痈疖疮疡，皮肤湿疹。,铁苋菜全草含没食子酸、铁苋碱，另含铁苋菜素、大黄素、p-谷固醇、毛地黄内酯、原儿茶酸、乙酸龙脑酯、柏木烷酮、香草酸等成分。,①治吐血：铁苋菜60克，淡竹叶15克。水煎服。（《江西草药》）,铁苋具有抗菌、平喘的功效与作用。,老弱气虚者慎服，孕妇禁服。,http://www.zhongyoo.com//uploads/allimg/2111/1-21110G5535X61.jpg,"华北,华南,台湾",性凉,"味苦,涩","心经,肺经,大肠经,小肠经"
八角莲 bajiaolian,八角连、金魁莲、旱八角、叶下花、一把伞、马眼莲、独叶一枝花、八角盘、六角莲、独脚莲、独角莲、八角金盘、山荷叶。,Rhizoma dysosmatis,本品为小檗科植物八角莲Dysosma versipellis(Hance)M.Cheng ex Ying、六角莲D.pleiantha(Hance)Woods.[D.hispida(Hao)Chun]和川八角莲D.veithchii(Hemsl. et wils.)Fu ex Ying的根及根茎。,八角莲：多年生草本，植株高40～150厘米。根状茎粗状，横生，多须根；茎直立，不分枝，无毛，淡绿色。茎生叶2枚，薄纸质，互生，盾状，近圆形，直径达30厘米，4～9掌状浅裂，裂片阔三角形，卵形或卵状长圆形，长2.5～4厘米，基部宽5～7厘米，先端锐尖，不分裂，上面无毛，背面被柔毛，叶脉明显隆起，边缘具细齿；下部叶的柄长12～25厘米，上部叶柄长1～3厘米。花梗纤细、下弯、被柔毛；花深红色，5～8朵簇生于离叶基部不远处，下垂；萼片6，长圆状椭圆形，长0.6～1.8厘米，宽6～8毫米，先端急尖，外面被短柔毛，内面无毛；花瓣6，勺状倒卵形，长约2.5厘米，宽约8毫米，无毛；雄蕊6，长约1.8厘米，花丝短于花药，药隔先端急尖，无毛；子房椭圆形，无毛，花柱短，柱头盾状。浆果椭圆形，长约4厘米，直径约3.5厘米。种子多数。花期3～6月，果期5～9月。六角莲与八角莲的区别为：叶通常2片，对生，叶片长圆形或近圆形，6～9浅裂，裂片宽三角状卵形。花生于两茎生叶柄交叉处。川八角莲与八角莲的区别：茎多汁，基部被棕色大鳞片。叶互生，纸质，2片；叶片圆形，直径约20厘米，6-8掌状深裂几达中部，裂片楔状矩圆形，先端常3裂，小裂片三角形，叶中部红棕色，下面叶脉有蔬柔毛，后变无毛。花2-6朵，丛生于茎顶叶柄分叉处的腋间。花期4～6月，果期8-10月。,生于山谷山坡杂木林中阴湿地方。陕西、安徽、浙江、江西、福建、台湾、湖北、湖南、广西、广东、四川、贵州、西藏等省区。,根茎洗净泥沙，晒干，切断备用。亦可鲜用。,八角莲呈扁长的结节状，长6～15厘米，直径2～4厘米。表面黄棕色至棕褐色，上面有凹陷的茎基痕，陷窝略重叠，连珠状排列，茎基痕边缘有环状皱纹，底部可见筋脉点突起；下面略平坦，残留须根痕。质硬而脆，结节处易折断，断面淡红棕色或黄白色。气微，味苦。,性凉，味苦、辛，有毒。归肺经、肝经。,化痰散结，祛瘀止痛，清热解毒。属拔毒生肌药。,用量：水煎服，3～9克；外用，捣敷或磨涂、醋调敷患处。主治咳嗽、咽喉肿痛、瘰疬、瘿瘤、痈肿、疔疮、毒蛇咬伤、跌打损伤，痹证。,根和根茎含抗癌成分鬼臼毒素和脱氧鬼臼毒素。此外，还分离出黄芪苷、金丝桃苷、槲皮索、山柰酚和谷甾醇。,①治无名肿毒：八角莲、野葵、蒲公英各等分，捣烂，敷患处。(《贵州草药》),八角莲有兴奋心肌的功效与作用；扩张血管作用；全草中含树脂，能引起猫的吐、泻、死亡。,孕妇禁服，体质虚弱者慎服。,http://www.zhongyoo.com//uploads/allimg/1805/1-1Q1211S523462.jpg,"陕西,安徽,浙江,江西,福建,台湾,湖北,湖南,广西,广东,四川,贵州,西藏",性凉,"味苦,辛,有毒","肺经,肝经"
海马 haima,龙落子、水马、马头鱼、龙落子鱼、鰕姑、对海马。,暂无数据,"来源于海龙科动物线纹海马Hippocampus kelloggi Jordan et Sanyder、刺海马H histrix Kaup、大海马Hkuda Bleeker、三斑海马Htrim,acutatus Leach.和小海马H japonicus Kaup的全体。",线纹海马：体长30～33厘米。体侧扁，腹部凸出。躯干部七棱形；尾部四棱形，卷曲。头冠短小，尖端有5个短小的棘，略向后弯曲，前方有板状隆起物。吻细长管状。眼较大，侧位而高，有明显眼棘。口小，端位，无牙。鳃盖突出，无放射状纹。肛门位于躯干第11节下方。体无鳞，为骨环所包。无腹鳍及尾鳍。全体淡黄白色，体侧有白色线状斑点。其余4种与线纹海马近似。,5种海马均生活于近海海藻茂盛的水域中。线纹海马、刺海马和三斑海马分布于东海及南海，大海马分布于南海，小海马在我国各海域均有分布。,全年可捕捉。捕得后，将尾盘卷，晒干。,呈马头、蛇尾、瓦楞身。吻长，两眼深陷，躯干七棱形，尾部四棱形而多弯曲，布满骨质环节，背面有棘突。体轻，骨质，坚硬。气微腥，味微咸。线纹海马：表面黄白色，体上节纹间有许多白色短线纹。刺海马：体背部棘刺明显；大海马体粗长，表面黑褐色。三斑海马：体背的第1、4、7节有黑色圆点。小海马体短小，表面黑褐色。,性温，味甘、咸。归肝经、肾经。,温肾壮阳、散结消肿。属补虚药下属分类的补阳药。,用量3～9克，煎服、或入丸、散；外用适量，研末敷患处。用治阳痿、遗尿、肾虚作喘、癥瘕积聚、跌扑损伤；外治痈肿疔疮。,海马含甾体化合物如胆固醇等；富含蛋白质，含量高达70%以上，以三斑海马最高；另含苏氨酸、缬氨酸、蛋氨酸等17种氨基酸及13种脂肪酸。,①治气喘：海马3克，当归6克。炖鸡食或单用海马焙黄研末，水冲服。（《青岛中草药手册》）,海马的乙醇提取物具有性激素样作用，可诱生及延长雌鼠和小鼠动情期，对去势小鼠可出现动情期。此外，海马水、醇提取物还具有延缓衰老、促进免疫功能和抗血栓、抗疲劳、抗肿瘤的功效与作用。,孕妇及阴虚阳亢者禁服。,http://www.zhongyoo.com//uploads/allimg/140309/1-1403091529502E.jpg,暂无数据,性温,"味甘,咸","肝经,肾经"
九节菖蒲 jiujiechangpu,小菖蒲、外菖蒲、节菖蒲、鸡爪莲。,Rhizoma Anemones Altaicae,为毛莨科植物阿尔泰银莲花Anemone altaica Fisch.ex C.A.Mey.的干燥根茎。,多年生草本，高11～23厘米。根茎横生，圆柱形，长约4厘米，直径2～4毫米，节间长3～5毫米，有许多须根。叶柄长4～10厘米，无毛；三出复叶，叶片轮廓宽卵形，长2～4厘米，3全裂，中央全裂片又3裂，边缘有缺刻状牙齿，有细柄，侧生全裂片不等2全裂。花葶1，苞片3，轮生，叶状，中上部边缘有不整齐锯齿，具柄。花两性，单朵顶生；花梗长2. 5～4厘米，被灰色柔毛；萼片7～10，花瓣状，白色，倒卵形或长圆形，长1.5～2厘米，宽3.5～7毫米，先端圆；花瓣无；雄蕊多数；心皮20～30。瘦果卵球形，有白色柔毛。花期3～5月，果期4～7月。,生于海拔1200～1800米的山地沟谷边或灌木丛中。分布于山西南部、河南西部、湖北西北部、陕西南部。,夏季采挖，除去泥沙，干燥，再除去须根及杂质。,九节菖蒲略呈纺锤形，微弯曲，长1～4厘米，直径0.3～0.5厘米。表面棕黄色至暗棕色，具多数半环状突起的节(鳞叶痕)，斜向交错排列，节上有1～3个突起的根痕。质硬而脆，易折断，断面平坦，白色，有粉性，可见淡黄色小点(维管束)6～9个，排列成环。气微，味微酸。,性温，味辛。归心经、肝经、胃经。,开窍化痰，醒脾安神。属开窍药。,内服：煎汤，1.5～6克；或入丸、散；或鲜品捣汁服。外用：煎水洗；或鲜品捣敷；或研末调敷。用于热病神昏，癫痫，耳鸣耳聋，胸闷腹胀，食欲不振；外治痈疽疮癣。,"九节菖蒲根茎含脂肪酸：棕榈酸，琥珀酸，5-羟基乙酰丙酸，十六烷酸和9，12-十八碳二烯酸，又含β-谷甾醇，白头翁素，(5R，8R)1，6，9，13-四氧双螺-(4，2，4，2)-十四烷-2, 10-二酮。另含挥发油成分，相对含量较高的有雪松醇，β-桉叶醇，榄香醇。",①治小儿急惊风，高热抽搐：鲜九节菖蒲9克，捣烂滤汁，加姜汁数滴灌服。(《陕甘宁青中草药选》),1.镇静作用：九节菖蒲水煎醇沉液7. 418g/kg(1/5 LD₅₀)，3.709g/kg(1/10 LD₅₀)小鼠腹腔注射给药，对硫贲妥钠40mg/kg的催眠作用有明显的加强，呈协同作用。2.镇痛作用：皮下注射九节菖蒲用热板法在给药后60分钟可延长小鼠反应时间。3.对胃电活动的抑制作用：九节菖蒲水煎剂对大鼠胃电活动有明显的抑制的功效与作用，而该作用在阻断A、B受体后不受影响。,阴虚阳亢、烦躁汗多、精滑者慎服。,http://www.zhongyoo.com//uploads/allimg/2109/1-210Z5111550348.jpg,"河南,湖北,陕西",性温,味辛,"心经,肝经,胃经"
黄芪 huangqi,黄耆、木耆、绵黄芪、王孙、箭芪、戴糁、戴椹、独椹、芰草、蜀脂、百本、百药绵、独根。,Astmgali Radix。,豆科植物蒙古黄芪Astragalus membranaceus Bge. var.mongholicus(Bge.) Hsiao和膜荚黄芪A.membranaceus (Fisch.) Bge.的根。,蒙古黄芪：多年生草本。主根长而粗壮，条较顺直。奇数羽状复叶，小叶12～18对，小叶片下面被柔毛。总状花序腋生，花冠黄色至淡黄色，雄蕊10枚，二体。荚果膨胀，无毛。膜荚黄芪：形态上和上种极相似，主要区别为小叶6～13对，小叶片卵状披针形或椭圆形，长7～30毫米，宽4～10毫米；花冠淡黄色，长不及2厘米，子房被疏柔毛。荚果卵状长圆形，长2～2.5厘米，先端有喙，被黑色短毛。,蒙古黄芪生于向阳草地及山坡；膜荚黄芪生于林缘、灌丛、林间草地及疏林下。分布于黑龙江、吉林、辽宁、河北、内蒙古等地。,野生黄芪春秋两季均可采挖，除净泥土及须根，切去根头，晒至七八成干，按粗细、长短不同分级。栽培黄芪应3年以后采收。,蒙古黄芪：表面灰黄色，栓皮不易脱落。质硬而韧，断面纤维性并显粉性。皮部黄白色，木部淡黄色。气微，味微甜，有豆腥味。膜荚黄芪：表面灰黄色、黄棕色，质硬，较难折断。,性微温，味甘。归脾经、肺经。, 补气升阳，固表止汗，利水消肿，生津养血，行滞通痹，托毒排脓，敛疮生肌。属补虚药下属分类的补气药。,用量9～30克，煎汤内服；或入丸、散、膏剂。治疗气短心悸、乏力、虚脱、自汗、盗汗、体虚浮肿、慢性肾炎、久泻、脱肛、子宫脱垂、痈疽难溃、疮口久不愈合、小儿支气管哮喘、慢性乙型肝炎、慢性肾炎和病毒性心肌炎。补气宜炙用，止汗、利尿、托毒排脓生肌宜生用。,黄芪主要含黄芪甲苷、黄芪苷、毛蕊异黄酮葡萄糖苷、毛蕊异黄酮、异黄芪苷Ⅰ、异黄芪苷Ⅱ、三萜皂苷、黄酮及多糖等成分。,①治表虚自汗：防风30克，黄芪(蜜炙)、白术各60克。每服9克，水一钟半，加大枣一枚，煎至七分，去滓，食后热服：(《医方类聚》引《究原方》玉屏风散),黄芪对核酸代谢有促进的功效与作用；增强造血功能；改善心肌功能，对抗心肌梗死；具有抗氧化、抗病毒、抗癌、改善肾功能和肾组织病理改变等。水煎剂具调节免疫、抗衰老和抗应激作用。毒性：煎剂LDso为(40±5)克/千克。,表实邪盛、湿阻气滞、肠胃积滞、阴虚阳亢、痈疽初起或溃后热毒尚盛者，均禁服。,http://www.zhongyoo.com//uploads/allimg/130717/1-130GG5220W54.jpg,"黑龙江,吉林,辽宁,河北,内蒙古",性微温,味甘,"脾经,肺经"
防风草 fangfengcao,广防风、土防风、抹草、秽草、落马衣、假紫苏、马衣叶、豨莶草、四方茎、臭草、臭苏头、鸭儿蔑、大篾草、大羊古骚。,Epimeredi Indian Herb,唇形科植物广防风Epimeredi indica (L.) Rothm的地上部分。,一至二年生直立草本，高1～2米。茎方形，多分枝，密被白色茸毛。叶对生，草质，阔卵形至卵形，先端渐尖或短尖，边缘有不规则的齿，基部近圆形，两面均有茸毛，具细小腺点。花轮生，下部为腋生，上部可排到顶端而成长总状花序；萼管状，5裂，裂片三角状披针形，内外均有短毛；花冠管状，粉红色，2唇，5裂齿，上唇直立，全缘，下唇阔，扩展，内面有短毛；雄蕊4，突出，花药连贴；雌蕊1，柱头2裂。小坚果圆形，黑褐色，平滑。花期9～10月，果期12月至翌年1月。,野生于路旁、荒地、村边草丛中。分布于广东、广西、云南、贵州等地。,夏、秋季采收。割取地上部分，晒干。,全草长60～180厘米，全体被白色短粗毛。茎四棱形，具明显纵沟，有分枝，表面灰绿色或棕灰色，质稍脆，断面纤维性，中央有近方形的白色髓。叶对生，皱缩卷曲，完整叶片展平后呈阔卵形或卵形；叶上表面灰棕色，叶下表面灰绿色，边缘具疏锯齿，质脆，易碎；有时可见叶腋残留钟形灰绿色花萼。气香浊，味微辛苦。,性温，味辛、苦。归膀胱经、肝经、肾经。,祛风、除湿、解毒、止痛。属解表药下属分类的辛温解表药。,用量9～15克，煎服；外用适量，煎洗或捣敷。用治感冒身热、呕吐、腹痛、筋骨疼痛、疮疡、湿疹。,防风草含卵防风二内酯、4，5-环氧卵防风二内酯、防风酸、4，7-氧环防风酸、4-亚甲基-5-羟基卵防风二内酯。,治痈肿：鲜防风草二两，捣烂绞汁调黄酒炖服，渣外敷；或用鲜防风草、两，鲜马鞭草三钱，水煎调酒服。(《福建中草药》),防风草所含的大环三萜类物质体外试验具有抑制KB细胞增长的功效与作用。3种防风草内酯ovatodiolide、4，5-epoxy-ovatodiolide和anisomelic acid对麻醉狗的降压作用、对血管紧张素酶(ACE)的抑制作用、对离体蛙心脏作用以及对牛蛙心房单细胞钙离子流作用的试验表明：后两种物质在剂量为60μm和600μm时对ACE有微弱抑制作用，但对血压没有影响；静脉注射前一种物质具降压作用，并可抑制离体蛙心收缩。3种化合物均可抑制钙离子流动。,尚不明确。,http://www.zhongyoo.com//uploads/allimg/2110/1-2110302020391D.jpg,"广东,广西,云南,贵州",性温,"味辛,苦","膀胱经,肝经,肾经"
豆蔻 doukou,白豆蔻、白蔻、圆豆蔻、白蔻仁、多骨、壳蔻、扣米。,Amomi Fructus Rotundus,姜科植物白豆蔻Amomum kravanh Pierre ex Gagnep.或爪哇白豆蔻Amomum compactum Soland ex Maton.的成熟果实。按产地不同分为“原豆蔻”和“印尼白蔻”。,多年生丛生草本。根茎匍匐，粗壮。叶2列，叶鞘边缘纸质或膜质，无毛；叶舌先端圆形，无毛；几无叶柄；叶片披针形，先端尾尖，基部楔形，两面无毛。花序从根茎上抽出，常半掩于土中；花序倒卵形至倒锥形，土黄色，先端圆形至平截；苞片椭圆形，纸质，边缘较薄，有疏长柔毛，表面有内凹的纵细脉10～15条，先端钝；花着生于苞腋；小苞片白色，管状；萼管状，白色，外被微毛，先端3齿裂；花冠管较萼管略长，白色，狭椭圆形；唇瓣长圆形至倒卵形，白色，先端圆形或近平截，中肋略加厚，先端常呈橘黄色；侧生退化雄蕊，钻状；花丝宽而有沟，药隔附属物3裂；蜜腺2，半圆柱形；子房下位，被毛。蒴果土黄色或间有棕红色，近球形，有3棱，被柔毛，先端钝尖，花被宿存。种子多角形，棕红色，芳香。花期全年，盛花期4～6月，果期7～8月。,生于沟谷或林下阴湿处。我国多栽培于疏林或阴棚下。原产于印度尼西亚。现我国海南有栽培。,多于7～8月果实即将黄熟但未开裂时采集果穗，去净残留的花被和果柄后晒干；或再用硫黄熏制漂白，使果皮呈黄白色。,类球形。表面黄白色至淡黄棕色，有较深的纵向槽纹，顶端有突起的花柱基，基部有凹下的果柄痕，两端均具有浅棕色茸毛。果皮体轻，质脆，易纵向裂开。种子呈不规则多面体，背面略隆起，表面暗棕色，有皱纹，并被有残留的假种皮。气芳香，味辛凉略似樟脑。印尼白蔻个略小，表面黄白色，有的微显紫棕色，果皮较薄，种子瘦瘪，气味较弱。,性温，味辛。归脾经、胃经。,化湿消痞、行气温中、开胃消食。属化湿药。,用量3～6克，入煎剂宜后下；或入丸、散。用治湿浊中阻、不思饮食、湿温初起、胸闷不饥、寒湿呕逆、胸腹胀痛、食积不消。,豆蔻主含挥发油，另含桉油精、a-蒎烯、p-蒎烯、樟脑、月桂烯、丁香烯等。,①治胃腹胀满，呕吐：白豆蔻3克，藿香6克，半夏、陈皮各4.5克，生姜6克。水煎服。(《全国中草药汇编》),豆蔻对豚鼠实验性结核能增强小剂量双氢链霉素的治疗作用。,阴虚血燥者禁服。,http://www.zhongyoo.com//uploads/allimg/131101/1-13110111221EJ.jpg,海南,性温,味辛,"脾经,胃经"
地稔根 direngen,地菍根、山地菍根、山地稔根、铺地锦根、地茄根、火炭泡。,Twelve stamen Melastoma Herb,野牡丹科植物地菍Melastoma dodecandrum Lour.的根。,披散的匍匐状亚灌木。茎多分枝，近地面匍匐生长，长10～30厘米。叶对生，卵形、倒卵形或椭圆形，长1～3厘米，宽8～20毫米，顶端短尖，基部浑圆，有3～5条主脉，只在叶面边缘和叶背脉上有稀疏的粗毛；叶柄长2～4毫米。夏、秋季开花；花两性，1～3朵生于枝端，直径约2.5厘米；萼管长约5毫米，被短粗毛，萼片披针形，比萼管短；花瓣5片，倒卵形，紫红色，长1～1.4厘米；雄蕊10枚，花药顶孑L开裂，有延长且2裂的药隔，子房下位，5室。浆果圆球形，直径约7毫米，成熟时紫黑色，被粗毛。,生于山野草坡、林缘及灌木丛中的酸性土上。分布于广东及长江流域以南等地。,全年可采收。挖取根部，洗净，切短段，晒干。,地菍根呈不规则圆柱形短段，常弯曲，有分枝，长3～6厘米，直径4～12毫米，表面灰白色或黄白色，光滑或有细皱纹，栓皮剥落后呈淡红色。质坚硬，不易折断，断面淡红棕色，略显放射状纹理，中心有红棕色小髓。气微，味淡微涩。,性平，味微甘、苦。归肺经、脾经、肝经。,活血通络、收敛止血。属止血药分类下的收敛止血药。,用量5～30克，煎服；或捣汁。外用：煎汤洗或捣敷。用治风湿痹痛、腰腿痛、产后腹痛、崩漏带下、外伤出血。,含酚类、鞣质、氨基酸及糖类。,1.治久嗽不止：地菍根、百合、桑根各30克，猪肺1只煎服。(《闽东本草》),地稔根煎剂在体外对伤寒、痢疾杆菌及金黄色葡萄球菌有抑制的功效与作用。,孕妇慎用。,http://www.zhongyoo.com//uploads/allimg/131031/1-13103110415GI.jpg,广东,性平,"味微,甘,苦","肺经,脾经,肝经"
罗汉果 luohanguo,拉汗果、假苦瓜、光果木鳖、金不换。,Siraitiae Fructus。,葫芦科植物罗汉果Momordica grosvenori Swingle.的成熟果实。,多年生攀援草质藤本。长达5米。茎暗紫色，具纵棱，被白色或黄色柔毛及红色腺点；卷须2裂，几达中部。叶互生，叶片心状卵形，膜质，叶柄稍扭曲，被短柔毛。花单性，雌雄异株；雄花为腋生总状花序，被白色柔毛及红色腺毛，花萼漏斗状，5裂，被灰黄色柔毛，裂片先端呈线状长尾，花冠橙黄色，5全裂，先端渐尖，外被黑柔毛，雄蕊3枚，被白色腺毛，花药分离。雌花单生或3～5朵簇生于叶腋或呈短总状花序，子房下位，长卵形，被柔毛，花柱3，柱头2叉，具3个黄色或黑色退化雄蕊。果实圆球形或长圆球形或倒卵形，灰棕色，被柔毛，具10条纵线。种子扁长圆形，淡黄色，边缘具不规则齿状缺刻，中央稍凹入，边缘有放射状沟槽。花期6～8月，果期8～10月。,生于海拔300～500米的山区。分布于广西、江西、广东等地。,秋季果实由嫩绿色变深绿色时采收，晾数天后，低温干燥。,罗汉果呈卵形、椭圆形或球形，长4.5～8.5厘米，直径3.5～6厘米。表面褐色、黄褐色或绿褐色，有深色斑块及黄色柔毛，有的有6~11条纵纹。顶端有花柱残痕，基部有果梗痕。体轻，质脆，果皮薄，易破。果瓤(中、内果皮)海绵状，浅棕色。种子扁圆形，多数，长约1.5厘米，宽约1.2厘米；浅红色至棕红色，两面中间微凹陷，四周有放射状沟纹，边缘有槽。气微，味甜。,性凉，味甘。归肺经、大肠经。,清热润肺、滑肠通便。属清热药下属分类的清热解毒药。,用量9～15克，内服煎汤。用治伤风感冒咳嗽、咽痛失音、暑热口渴、肠燥便秘。,含罗汉果苷Ⅳ、罗汉果苷V、罗汉果苷Ⅶ，该苷甜度为蔗糖的300倍，苷元是葫芦素类化合物。尚含十多种氨基酸、黄酮、罗汉果苷元-3，24-二-氧-β-葡萄糖苷、D-甘露醇、罗汉果二醇苯甲酸酯、山柰酚和大量果糖。种仁含有油，其脂肪酸有癸酸、月桂酸、肉豆蔻酸、棕榈酸、硬脂酸、油酸及亚油酸等。,①治喉痛失音：罗汉果1个，切片，水煎，待冷后，频频饮服。(《食物中药与便方》),罗汉果可增强机体的细胞免疫功能；大剂量的罗汉果可能提高脾特异性玫瑰花环形成细胞的比率。,肺寒及脾胃虚寒者忌服。,http://www.zhongyoo.com//uploads/allimg/140122/1-14012210111b09.jpg,"广西,江西,广东",性凉,味甘,"肺经,大肠经"
血风藤 xuefengteng,青藤、铁牛入石、青筋藤、血风根、扁果藤、血宽筋、红蛇根、牛参、老人根。,Radux et Caulis Ventilaginis Leiocarpae,为鼠李科植物翼核果Ventilago leiocarpa Benth.的干燥根或茎。,木质藤本。高2～3米。根粗壮，外皮暗紫红色。茎多分枝，有细纵纹，幼枝绿色。单叶互生，革质，具柄；卵形或长圆形，长4～8厘米，宽2～3.5厘米，顶端渐尖，基部阔楔形或近圆形，两面绿色无毛，下面侧脉极明显。腋生聚伞花序或有时成顶生圆锥花序；花小，绿白色；花萼5裂，裂片三角形；花瓣5，匙形；雄蕊5；子房2室，藏于五角形的花盘内。坚果球形，熟时红褐色，顶部有一鸭舌形膜质的薄翅，翅长3～5厘米。花期夏季。,生于山涧沟边的疏林下或灌木丛中。主产于福建、台湾、广西、广东等地。,春秋季采收茎，切段，晒干。冬季挖根，切片，晒干。,血风藤为椭圆形、长圆形或不规则的斜切片，厚0.3-1厘米。栓皮灰棕色，栓皮脱落处现红棕色。切面木部黄色，导管孔单个或多个放射状排列，有的中央有细小的髓；质坚硬。气微，味微苦。,性温，味甘、苦。归肝经、肾经。,补气养血，祛风通络，强筋健骨。属活血化瘀药下分类的活血调经药。,内服：煎汤，15～30克；或浸酒。用于气血虚弱，风湿痹痛，腰膝酸软，筋骨痿弱，四肢麻木，跌打损伤，月经不调，血虚经闭。,茎的成分未见报道。根含蒽醌化合物：大黄素，大黄素甲醚，大黄素-6，8-二甲醚，1-羟基-6，7，8-三甲氧基-3-甲基蒽醌，1，2，4，8-四羟基-3-甲基蒽醌，翼核果醌，萘醌化合物：翼核果醌-Ⅰ，翼核果素。还含羽扇豆醇。,1.治腰肌劳损：血风藤15克，杜仲18克，炖猪脊骨食用。,血风藤具有保肝、抗炎的功效与作用，还能抑制肿瘤细胞株的生长。,尚不明确。,http://www.zhongyoo.com//uploads/allimg/2110/1-211010212911329.jpg,"福建,台湾,广西,广东",性温,"味甘,苦","肝经,肾经"
丁公藤 dinggongteng,麻辣子藤、包公藤、斑鱼烈。,Erycibes Caulis,旋花科植物丁公藤Erycibe obtusfolia Benth.的藤茎。,高大木质藤本。小枝黄绿色，有明显的棱，无毛。叶互生，淡红色，革质，椭圆形或倒长卵形，顶端钝或钝圆，基部渐狭成楔形，两面有毛，侧脉4～7对，在叶背面微突起，至边缘以内网结上举。聚伞花序，集成圆锥花序，腋生或顶生，花序轴、花序梗被淡褐色柔毛；花萼球形，萼片近圆形，外被淡褐色柔毛，有缘毛，毛不分叉；花冠白色，每一裂片具一近于三角形的外被毛的瓣中带；雄蕊5枚，不等长，花药与花丝近等长，花丝之间有鳞片；子房圆柱形，柱头圆锥状，贴着子房，两者近等长。浆果卵状椭圆形。,生于山谷湿润密林中或路旁灌丛。分布于广东、海南、云南等地。,全年均可采收，切成段或片，晒干。,斜切段或片。外皮灰黄色、灰褐色或浅棕褐色，稍粗糙，有浅沟槽及不规则纵裂纹或龟裂纹。皮孔点状或疣状，黄白色。老的栓皮呈薄片剥落。质坚硬，纤维较多，不易折断。切面椭圆形，黄褐色或浅黄棕色，异型维管束呈花朵状或块状，木质部导管呈点状。气微，味淡。,性温，味辛。归胃经、脾经、肝经。,祛风除湿、消肿止痛。属祛风湿药下属分类的祛风湿散寒药。,用量3～6克，配制酒剂，内服或外搽。用治风湿痹痛、半身不遂、跌扑肿痛、慢性风湿性关节炎、青光眼、各种疼痛。,丁公藤含包公藤甲素、包公藤丙素、凹脉丁公藤碱、东莨菪素、东莨菪苷等及酚酯类和有机胺等。另含包公藤乙素、东莨菪内酯及微量的咖啡酸及绿原酸等化学成分。丁公藤碱Ⅱ可作为丁公藤的鉴别。,①风湿痹痛，手足麻木：丁公藤、桂枝、枳壳、麻黄等，浸酒服。,丁公藤具有抗炎、缩瞳、镇痛、降低眼内压的功效与作用，并能解痉；对细胞免疫和体液免疫均有促进作用；有改善心功能作用。,有小毒。本品有强烈的发汗作用，虚弱者慎用，孕妇忌服。,http://www.zhongyoo.com//uploads/allimg/131031/1-131031102209D0.jpg,"广东,海南,云南",性温,味辛,"胃经,脾经,肝经"
东风橘 dongfengju,狗骨簕、东风桔、砐壳刺、狗吉、乌柑仔、山柑子、黄根、半天钓、假花椒、猪钓簕公。,Atalantiae Buxifoliae Radix Et Caulis,芸香科植物酒饼簕Atalantia buxifolia（Poir.）Oliv.的根。,多分枝、有刺灌木或矮乔木，秃净或幼枝被小柔毛，常有腋生强硬的刺。叶互生，腋间有锐刺，叶片厚革质，有油点，狭椭圆形、倒卵状椭圆形、卵形至近圆形，先端圆而凹入，基部窄而呈一屈柄，有多数纤弱的脉，揉之有柑橘香气。花两性，单生，或2~3朵聚生于叶腋内，无柄或近无柄；萼齿阔卵状三角形；花瓣6，白色；花萼近球形。浆果近球形，熟时蓝黑色。花期夏季。,生于旷野、村边、路旁灌木丛中。分布于广东、海南、广西等地。,全年采收。挖取根部，除净细根，洗净，趁鲜切成片段，晒干。,根呈圆柱形，多分枝，呈不规则弯曲状，长30～50厘米，直径为0.4～1.0厘米。多已切成不规则片块或短段。片块厚0.5～1厘米，短段长3～5厘米。表面棕黄色，外层栓皮易呈纸片状脱落，具支根痕及散在皮孔。质地硬、韧，断面纤维性，皮部棕黄色，木质部较大，黄白色。气微香，味微辛而苦。,性微温，味辛、苦。归肺经、胃经、脾经。,祛风解表、化痰止咳、理气止痛。属解表药下属分类的辛温解表药。,用量15～30克，煎服。用治感冒、头痛、咳嗽、支气管炎、疟疾、胃痛、风湿性关节炎、腰腿痛。,东风橘根皮含燕风橘碱、N-甲基东风橘碱、酒饼簕碱、N-甲基酒饼簕碱、5-羟基-N-甲基东风橘碱、黄酮苷、氨基酸、β-谷甾醇、葡萄内酯、柠檬苦素等化合物。,1.治流感，感冒，咳嗽，疟疾：东风橘干根或叶9～15克。水煎服。(《全国中草药汇编》),东风橘可改善慢性支气管炎大鼠的倦怠无力，进食减少和体重不增等症状，使大鼠支气管腔内分泌物减少和抑制支气管黏膜上皮细胞增生。东风桔叶所含的挥发油对细菌和某些致病真菌具有较强的抑制功效与作用，对金黄色葡萄球菌的生长活性有抑制作用。东风橘可治疟疾，治法是取本品30～60克，水煎，疟疾发作前4小时顿服，连服3～5天。,尚不明确。,http://www.zhongyoo.com//uploads/allimg/2110/1-21100H14U35I.jpg,"广东,海南,广西",性微温,"味辛,苦","肺经,胃经,脾经"
楤木 songmu,鸟不宿、刺老包、楤木白皮、鹊不宿、鹊水踏、刺龙苞、黑龙皮、雀不站、百鸟不栖、千枚针。,Adix et Cortex Araliae Chinensis,五加科植物楤木Aralia chinensis Linn.的根、根皮及树皮。,落叶灌木或小乔木，高3～8米。茎枝疏生皮刺，幼枝被黄棕色茸毛；叶为2回或3回单数羽状复叶，有小叶5～11，基部另有小叶1对，小叶卵形、宽卵形或长卵形。边缘有细锯齿，上面疏生粗伏毛，下面有黄色或灰色短柔毛，沿脉尤密；伞形花序集成顶生大圆锥花序，被黄棕色或灰棕色短柔毛；果圆球形，有5棱，熟时黑色。,多野生于较阴的低山坡、林下、山谷沟边、林缘、郊野路边或旷地灌丛中。主要分布于我国黄河以南至长江流域各地。,栽种2～3年的植株，秋冬即可挖根，树皮亦可同时采集。野生的楤木，全年可采。将挖取的根部洗净，剥取根皮及树皮，切段晒干。,楤木根皮筒状或片状。栓皮薄，灰褐色粗糙呈多片状翘裂，有时有横向皮孔，栓皮易剥脱，剥脱后皮呈淡黄白色，内面白色，光滑。质脆易折断，断面不平坦。气微，味苦。树皮剥落状，粗糙不平，有纵皱纹及横纹，并散生坚硬的刺。外面灰白色至灰褐色，内面黄白色而光滑。断面呈纤维性。气微香，嚼之带黏液性。,味甘、微苦，性平。归脾经、肝经、肾经。,祛风湿、利小便、散瘀血、消肿毒。属祛风湿药下属中的祛风湿强筋骨药。,用量15～30克，煎服或浸酒服；外用适量鲜品捣敷患处。用治风湿痹痛、腰肌劳损、腹水、胃病、骨髓炎、急性或慢性肝炎等。,楤木含三萜类皂苷，有楤木皂苷A、楤木皂苷B等；另含原儿茶酸、鞣质、胆碱及挥发油等。能提高人体的免疫功能，有类似人参样作用，国外早已作为人参的代用品，并制成各种保健品问世。,1.治大漆皮炎：偬木茎切碎，取250～500克，加水3000～4000毫升，煮沸30分钟去渣，趁热倒入脸盆，先熏患处，待水温和后，再洗患处。每日1～2次。[《中医杂志》1988，(4)：55],体外抑菌试验表明，楤木对金黄色葡萄球菌高度敏感，对醋酸及角叉菜所致的实验性关节炎有明显的抗炎的功效与作用。,孕妇慎用。,http://www.zhongyoo.com//uploads/allimg/2110/1-211006205201556.jpg,暂无数据,性平,"味甘,微苦","脾经,肝经,肾经"
大飞扬草 dafeiyangcao,飞扬草、白乳草、天泡草、大乳汁草、催乳草、大奶浆草。,Euphorbiae Hirtae Herba,大戟科植物飞扬草Euphorbia hirta L.的全草或带根全草。,一年生草本，被粗毛，含白色乳汁，通常由茎基部分枝。枝常淡红色或淡紫色，匍匐状或扩展，长15～40厘米。叶对生，卵形至矩圆形，长1～4厘米，基部略狭而偏斜，边缘有小锯齿，中部通常有紫斑；托叶小，线形。杯状花序多数密集成腋生头状花序；总苞宽钟形，外被柔毛，顶端4裂；腺体4，漏斗状，有短柄及花瓣状附属物；花单性，无花被；雌雄花同生于总苞内；雄花多数，雄蕊1枚；雌花单1，生于花序中央，子房3室，花柱3。蒴果阔卵形，长约1.6毫米，被毛，三角形。花期全年。,生于旷地、路旁、园边。分布于广东、广西、福建等地。,夏、秋季采收，晒干。,干燥带根全草。根细长弯曲；茎圆柱形，粗1.3毫米，稍屈曲，红棕色，有不规则的浅纵皱及小疣点，节明显，被黄绿色粗毛；质坚脆易断，断面木质白色，中空；叶多卷缩，纸质易碎；叶腋有花序，花细小，极多，干缩，或带蒴果。气弱而特异。,味辛、酸，性寒。归肺经、肝经。,清热、解毒、通乳、渗湿、止痒。属清热药下属分类的清热解毒药。,用量6～9克，煎服；鲜品1～2两，外用：煎水洗或捣敷。用治急性肠炎、菌痢、淋病、尿血、肺痈、乳痈、疔疮、肿毒、湿疹、脚癣、皮肤瘙痒。,含黄酮苷、酚类、三萜类。茎含卅烷醇、蒲公英赛醇、无羁萜、β-香树脂醇、β-谷甾醇、蒲公英赛酮、杨梅苷及卅一烷。花含没食子酸。,①治肺痈：鲜大飞扬全草一握，捣烂。绞汁半盏，开水冲服。(《福建民间草药》),大飞扬草具有中枢性镇痛及解热的功效与作用；具有抗菌、抗炎作用，能兴奋子宫。尚具有止泻作用，对变形阿米巴有细胞毒作用。雌性豚鼠在性成熟期前给予大飞扬草，可使乳腺加快发育及泌乳。,孕妇、脾胃虚寒者慎用。,http://www.zhongyoo.com//uploads/allimg/130528/1-13052Q50521U1.jpg,"广东,广西,福建",性寒,"味辛,酸","肺经,肝经"
何首乌 heshouwu,首乌、赤首乌、夜交藤根、生何首乌、地精、赤敛、陈知白、红内消、山哥、山精、何相公。,Polygoni Multiflori Radix。,蓼科植物何首乌Polygonum multiflorum Thunb.的块根。,多年生缠绕草本。块根肥大，外表红褐色至暗褐色。茎多分枝，下部稍木质化，上部较细，有时呈淡红色，具纵条纹，中空。叶互生，具长柄，卵状心形，先端渐尖，基部心形或近心形，全缘，两面较粗糙，无毛。托叶鞘状，膜质，无缘毛，常早落。花序圆锥状，顶生或腋生，开展；苞片卵形，中部绿色，边缘膜质透明，无毛；苞片内生白色小花2～4朵，花被片5，不等大，结果时外轮3片增大、肥厚，背部生宽翅，翅下延至花梗节处；雄蕊8枚，短于花被片；花柱3枚，柱头头状。瘦果三棱形，黑色，具光泽。花期10月，果期11月。,生于山脚阳处、溪边、路旁及灌木丛中。分布于广东、贵州、广西、河南、江苏等地。,秋、冬季叶枯萎时采挖，削去两端，洗净，个大的切成块，干燥。,何首乌呈团块状或不规则纺锤形。表面红棕色或红褐色，皱缩不平，有浅沟，并有横长皮孔及细根痕。体重，质坚实，不易折断，断面浅黄棕色或浅红棕色，显粉性，皮部有4～11个类圆形异型维管束环列，形成云锦状花纹，中央木部较大，有的呈木心。气微，味微苦而甘涩。,性温，味苦、甘、涩。归肝经、肾经、心经。,解毒、消痈、润肠通便。属泻下药下分类的润下药。,用量6～12克，煎服。用治瘰疬疮痈、风疹瘙痒、肠燥便秘、高血脂。,何首乌含蒽醌类化合物，其中大黄素-8-0-B-D-葡萄糖苷是何首乌中促智的活性成分之一；醌类成分二苯乙烯苷2，3，5，4-四羟基二苯乙烯一2-0-B-D-葡萄糖苷具有广泛的心血管活性、免疫调节、保肝作用等，酰胺化合物有穆坪马兜酰胺、N-反式阿魏酰基-3-甲基多巴胺等；色原酮类有7一羟基.2，5.二甲基色原酮等；以二苯乙烯苷，为抗衰老、降血脂的活性成分。另含的2，3，5，4-四羟基二苯乙烯-2-0-(6”-O-a-D-吡喃葡萄糖)-B-D-葡萄糖苷具抑制血管平滑肌细胞增殖活性作用。另含芦荟大黄素、大黄酚、大黄酚葸酮、大黄素、大黄素甲醚、大黄酸、云杉新苷等。,1.治疟疾：何首乌20克，甘草2克，小儿酌减。每日1剂，浓煎2小时，分3次食前服用，连用2天。[《广东医学·祖国医学版》1964，(4)：31],何首乌具抗衰老、增强免疫、促进肾上腺皮质的功效与作用。能促进血细胞新生和发育、调节血脂和抗动脉粥样硬化，并具保肝作用。抗动脉粥样硬化；延缓衰老；可增加离体兔心的冠脉血流量，可拮抗脑垂体后叶素引起的心率减慢，但对脑垂体后叶素引起的心律失常无拮抗作用；抗菌。,大便清泄及有湿痰者不宜，忌铁器。,http://www.zhongyoo.com//uploads/allimg/131112/1-131112152520391.jpg,"广东,贵州,广西,河南,江苏",性温,"味苦,甘,涩","肝经,肾经,心经"
走马箭 zoumajian,走马风、蒴藿根、陆英根、接骨木、排风藤、七叶根、掌落根。,Radix Sambuci,忍冬科植物蒴藿Sambucus chinensisLindl.的根茎。,灌木状草本。主根垂直，支根不多。茎具棱，平滑无毛。叶对生，单数羽状复叶，小叶5～9，长椭圆状披针形，先端渐尖，基部偏斜稍圆或阔楔形，边缘具密而尖锐的锯齿，两面均平滑无毛，或叶脉上有短柔毛；无托叶，小叶柄短或近于无柄。复伞形花序顶生，有短柔毛；小总苞片细小，卵状披针形；萼5裂，下部愈合成钟状；花冠白色，5裂，裂片卵形；雄蕊5枚，与花冠裂片互生，花丝短，药室向外开裂；子房卵圆形，柱头头状；花间杂有黄色杯状腺体。浆果球形，红色。花期8月，果期10月。,生于中海拔山地的路旁村边、荒地或沟谷向阳处。分布于广东、广西、江西等地。,全年可采，挖取根部，除去须根及泥沙，洗净，晒干。,走马箭呈长条形，稍扁，基弯曲，有分枝，长15～50厘米，直径0.3～0.8厘米。表面灰黄色，具突起而色较深的横长皮孔，有略扭曲的细纵皱纹及纤细毛须。质硬韧，难折断，断面皮部与木部撕裂状分离，皮部土灰黄色，木部纤维性，黄白色。气微，味淡。,性温，味甘、酸。,祛风除湿、活血散瘀。属祛风湿药下属分类的祛风湿强筋骨药。,用量6～12克，鲜品30～60克，煎服；或捣敷外用；或煎水洗。用治风湿疼痛、肾炎水肿、脚气浮肿、痢疾、黄疸、慢性气管炎、风疹瘙痒、丹毒、疮肿、跌打损伤、骨折。,走马箭含黄酮类、酚性成分、鞣质、糖类、氯原酸。,1.治水肿，坐卧不得，头面身体悉肿：蒴藿根刮去皮，捣汁一合，和酒一合，暖空心服，当微吐利。(《梅师集验方》),动物试验表明，走马箭有加速骨折愈合作用和消肿的功效与作用。其注射液临床用治急性痢疾、急性化脓性扁桃体炎和肺炎均有较好疗效。,尚不明确。,http://www.zhongyoo.com//uploads/allimg/2109/1-210923164442415.jpg,"广东,广西,江西",性温,"味甘,酸",暂无数据
穿心莲 chuanxinlian,一见喜、苦胆草、印度草、榄核莲、四方莲。,Andrographis Herba,爵床科植物穿心莲Andrographis paniculata (Burm.f.)Nees.的地上部分。,多年生草本。单叶，对生，纸质，叶片卵状、矩圆状披针形。总状花序顶生或腋生，集成大型圆锥花序；裂片三角状披针形；花冠白色而下唇带紫色斑纹，二唇形；雄蕊2枚；子房上位。蒴果扁，有2条纵槽，疏生腺毛，成熟后开裂为2果瓣。种子多数，骨质，多皱纹，秃净，黄色或深褐色。花期8～9月，果期10月。,穿心莲生于湿热的平原、丘陵地区。江西、湖南、福建、广东、广西、四川有栽培，目前长江南北各地广泛引种。,夏、秋季采收。割取地上部分，晒干。,茎方柱形，多分枝，节稍膨大；质脆，易折断。单叶对生，叶柄短或近无柄；叶片皱缩、易碎，完整者展开后呈披针形或卵状披针形，先端渐尖，基部楔形下延，全缘或波状；上表面绿色，下表面灰绿色，两面光滑。气微，味极苦。,味苦，性寒。归肺经、胃经、肝经。,清热解毒、凉血、消肿。属清热药下属中的清热解毒药。,穿心莲用量6～9克，煎服；外用适量。用治感冒发热、咽喉肿痛、口舌生疮、顿咳劳嗽、泄泻痢疾、热淋涩痛、痈肿疮疡、毒蛇咬伤。,"含二萜内酯类化合物：主要有穿心莲内酯、穿心莲黄酮、木蝴蝶素A、穿心莲黄酮苷、脱水穿心莲内酯、脱水穿心莲内酯，并含有去氧穿心莲内酯、新穿心莲内酯、高穿心莲内酯、潘尼内酯、穿心莲酮、穿心莲烷等；还含14-去氧-11-氧化穿心莲内酯、14-去氧-11,12-二去氧穿心莲内酯、14-去氧穿心莲内酯及穿心莲内酯苷、14-去氧穿心莲内酯苷；另外，根茎含黄酮类化合物。",①1.治流感：穿心莲叶研末，每日2～3次，每服3克；预防流感，穿心莲叶研细粉，吹入咽喉中，每日1次。(《青岛中草药手册》),穿心莲主要具有解热的功效与作用；多种穿心莲内酯及各种注射剂均有解热效果；还有抗病原微生物及抗炎、增强免疫功能；总黄酮体内体外能抑制ADP诱导的血小板聚集，抗异丙肾上腺素所致大鼠心肌损伤和对实验性心肌梗死兔有一定保护作用；另外，还有保肝利胆、抗肿瘤、抗蛇毒、抗生育作用。能明显抑制钙调素激活靶酶环核苷酸磷酸二酯酶的活性；对牛眼晶状体内醛糖还原酶有一定抑制作用；有抑制大肠杆菌的作用，且对大肠杆菌毒素引起的腹泻有对抗作用。,阳虚及脾胃虚寒者慎用。不宜过量或久服。,http://www.zhongyoo.com//uploads/allimg/130528/1-13052Q40556437.jpg,"江西,湖南,福建,广东,广西,四川",性寒,味苦,"肺经,胃经,肝经"
黄精 huangjing,甜黄精、姜形黄精、白及黄精、玉竹黄精、兔竹、垂珠、龙衔、太阳草、野仙姜、山生姜、鸡头参、黄鸡菜、马箭、笔菜、黄芝、笔管菜、阳雀蕻、土灵芝、老虎姜。,Polygonati Rhizoma,为百合科植物黄精Polygonatum sibiricum Red.、滇黄精Polygonatum kingianum Coll.etHemsl.、多花黄精Polygonatum cyrtonema Hua.的根茎。按形状不同，习称“鸡头黄精”、“大黄精”、“姜形黄精”。,黄精：多年生草本，高50～90厘米。根茎横走，圆柱状，结节膨大。叶轮生，无柄，每轮4～6片；叶片条状披针形，长8～15厘米，宽0.4～1.6厘米，先端卷曲。花腋生，2～4朵成伞形花丛，总花梗长1～2厘米；花被筒状，白色至淡黄色，全长0.9～1.3厘米，裂片6，披针形；雄蕊6枚，花丝短为子房长1.5～2倍。浆果球形，成熟时紫黑色。花期5～6月，果期7～9月。,黄精：生于山地林下、灌丛或山坡的半阴处。分布于东北、华北及陕西、宁夏、浙江等地。,春、秋季采挖，除去须根，洗净，置沸水中略烫或蒸至透心，捞出晒干或烘干。,鸡头黄精：呈结节状弯柱形，长3～10厘米，直径0.5～1.5厘米。结节长2～4厘米，略呈圆锥形，常有分枝；表面黄白色或灰黄色，半透明，有纵皱纹，茎痕圆形，直径5～8毫米。,性平，味甘。归肺经、脾经、肾经。,补气养阴、健脾、润肺、益肾。属补虚药下分类的补阴药。,用量9～15克，煎服，鲜品30～60克；或入丸、散，熬膏。外用：适量，煎汤洗；熬膏涂；或浸酒搽。用治脾胃虚弱、体倦乏力、口干食少、肺虚燥咳、精血不足、内热消渴。,黄精含甾体皂苷类成分，如薯蓣皂苷元、毛地黄糖苷、菝葜皂苷元等；黄酮类成分有芹菜黄素等。总糖含量为26.78%～46.40%，总蒽醌含量为0.0726%～0.128%。另含吖丁啶羧酸、天门冬氨酸、高丝氨酸牡荆素木糖苷、异甘草素玻、丁香脂素、14α-羟基西伯利亚蓼苷A、滇黄精苷A等。,1.治足癣、体癣：黄精30克，丁香10克，百部10克。煎水外洗。(《新编常用中草药手册》),黄精能增加冠脉流量、调血脂、降血糖、抗衰老和增强免疫。黄精粗多糖具免疫调节的功效与作用，对化学性肝损伤具保护作用，另具抗炎和抗病毒作用。此外，还具抑菌、抗病原微生物、降压、止血等作用。现代临床用治冠心病、高脂血症、糖尿病、白细胞减少症、肺结核、慢性肝炎、脑力及睡眠不足、头痛、阳痿及癣菌病等。,中寒泄泻，痰湿痞满气滞者忌服。,http://www.zhongyoo.com//uploads/allimg/131126/1-131126111426202.jpg,"华北,陕西,宁夏,浙江",性平,味甘,"肺经,脾经,肾经"
赤小豆 chixiaodou,赤豆、红小豆、朱小豆、小豆、红豆、猪肝赤、杜赤豆、小红绿豆、虱牳豆、朱赤豆、金红小豆、茅柴赤、米赤豆。,Rice Bean,豆科植物赤小豆Phaseolus calcaratus Roxb.的成熟种子。,一年生直立草本，或上部缠绕状。嫩时被倒生细毛，老时无毛。3出复叶；托叶披针形或卵状披针形；小叶纸质，披针形、长圆状披针形或卵圆形至宽卵圆形，有时稍呈菱形，先端渐尖或急尖，基部阔三角形、近圆形或近截形，有时侧生小叶偏斜，全缘，两面无毛或仅叶脉上有疏毛，基出脉3条。总状花序腋生，有花数朵至多数；小苞片2，具毛；花萼淡绿色，短钟形，萼齿5；花冠蝶形，黄色，旗瓣圆肾形，先端微凹，基部心形，翼瓣斜卵形，基部具渐狭的爪，龙骨瓣狭长，先端延长成喙状，螺旋状卷曲；子房上位，密被短硬毛。狭果细瘦，线状扁柱形，通常弯曲镰形，先端具喙。种子长椭圆形，狭窄，暗红色，少有褐色、黑色或草黄色，种脐凹陷。花期5～8月，果期8～9月。,栽培，也有野生。分布于广东、广西等地，我国南部各省普遍栽种。,秋季荚果成熟而未开裂时拔取全株，晒干，打下种子，除去杂质，再晒干。,赤小豆呈长圆形而稍扁。表面紫红色，无光泽或微有光泽，一侧有线形突起的种脐，偏向一端，白色，中间凹陷成纵沟。另～侧有一条不明显的棱脊。质硬，不易破碎。子叶乳白色。无臭，味微甘。,味甘、酸，性平。归心经、小肠经。,利水消肿、解毒排脓。属利水渗湿药下属中的利水消肿药。,用量9～30克，煎服；外用适量，研末调敷。赤小豆主治水肿胀满、脚气肢肿、黄疸尿赤、风湿热痹、痈肿疮毒、肠痈腹痛。,赤小豆含有糖类、三萜皂苷。还含3-呋喃甲醇-p-D-吡喃葡萄糖苷、赤豆皂苷Ⅰ-Ⅵ、原矢车菊素Bi、原矢车菊素B3、D-儿茶精、D-表儿茶精、烟酸、核黄素等成分。,1.治疽初作：赤小豆末醋敷之，亦消。(《小品方》),抑制胰蛋白酶。20%赤小豆煎剂对金黄色葡萄球菌、福氏痢疾杆菌等有抑制的功效与作用，还具有增强细胞免疫、避孕等作用。,阴虚津伤者慎服，过剂可渗利伤津。,http://www.zhongyoo.com//uploads/allimg/130528/1-13052Q40143J0.jpg,"广东,广西",性平,"味甘,酸","心经,小肠经"
方解石 fangjieshi,黄石。,Calcite。,为碳酸盐类方解石族矿物方解石Calcite矿石。,晶体结构属三方晶系。晶体为菱面体，也有呈柱状及板状者。常以钟乳状或致密粒状集合体产出。多为无色或乳白色，如有混入物，则成灰、黄、玫瑰、红、褐等各种色彩。具玻璃光泽，透明至不透明，有完全的解理，晶体可沿三个不同的方向劈开。断口贝壳状，硬度3，性脆，相对密度2.6～2.8。是内生热液矿脉及沉积的碳酸盐类岩石的重要组成部分。,产于沉积岩和变质岩中，金属矿脉中也多有存在，而且晶体较好。分布广泛，河北、江苏、浙江、安徽、江西、河南、湖北、湖南、广东、广西、四川、贵州、西藏、甘肃、青海、新疆等地均有产出。,采挖出后除去表面附着泥土、水苔等杂质。,方解石主为菱面体集合体，呈斜方扁块状、斜方柱状。白色，有的稍带浅黄或浅红色调。表面光滑，有棱。透明至半透明；玻璃光泽，用小刀可刻划成痕。体较重，质硬而脆，易砸碎，碎片多呈斜方形或斜长方形。无臭，无味。本品以色白、透明、有光泽、击碎后呈方形、具棱角者为佳。,性寒，味苦、辛。,清热泻火解毒。属清热药下分类的清热泻火药。,内服：煎汤，10～30克；或入散剂。主治胸中烦热，吐酸口渴，黄疸。,方解石主含碳酸钙，其中氧化钙56%，二氧化碳44%。尚含少量镁、铁、锰，以及微量的锌、锶、铅等。,暂无数据,研究证明，方解石有减低毛细血管通透性，抑制体液外渗及水肿，抑制神经应激机能的功效与作用。,非实热者慎用。,http://www.zhongyoo.com//uploads/allimg/1906/1-1Z620095529209.jpg,"河北,江苏,浙江,安徽,江西,河南,湖北,湖南,广东,广西,四川,贵州,西藏,甘肃,青海,新疆",性寒,"味苦,辛",暂无数据
半枫荷 banfenghe,半边枫树、翻白叶树根、白背枫根、枫荷桂、半边枫荷、阴阳叶、三不怕、铁巴掌、白背枫、半梧桐、番张麻、大叶半枫荷。,Radix Pterospermi Heterophylli,梧桐科植物翻白叶树Pterospermum heterophyllum Hance.的根。,常绿乔木，高可达20米。树皮灰色或灰褐色，小枝被红色或黄色短柔毛。叶异型，革质，幼树或萌蘖枝上的叶为盾形，掌状3～5深裂；成年树的叶为长圆形至卵状长圆形；顶端钝或渐尖，基部钝形、截形或斜心形，下面密被黄褐色茸毛。托叶线状长圆形。花单生或2～4朵组成腋生的聚伞花序；小苞片鳞片状，与萼紧靠；萼片线形，两面均被毛；花瓣5，青白色，倒披针形，与萼等长；雄蕊15枚，退化雄蕊5枚，线状；子房5室，被毛。蒴果木质，长圆状卵形，密被黄褐色茸毛。种子具膜质长翅。,生于山坡、平原、丘陵地疏林或密林中。分布于广东、海南、福建、广西、台湾等地。,全年均可采收。挖取根部，抖去泥土，洗净，斩成片块，晒干。,半枫荷呈不规则片块状。栓皮表面灰褐色或红褐色，有纵皱纹及疣状皮孔。质坚硬。断面皮部棕褐色，具细密纹理。纵断面有纵向纹理及不规则的纵裂隙，纤维性。气微，味淡微涩。,味甘、微涩，性温。归肾经、肝经。,祛风除湿、活血消肿。属祛风湿药下属中的祛风湿散寒药。,半枫荷用量15～30克，煎服或浸酒。用治风寒湿痹、风湿痿软、腰肌劳损、手足麻痹、产后风瘫、关节屈伸不利、跌打损伤肿痛。,"从半枫荷根中分离得到11个化合物,分别鉴定为：3-乙酰氧基-齐墩果酸甲酯(1)、β-谷甾醇(2)、3-乙酰氧基-齐墩果酸(3)、2α,3β-二羟基-20(29)-烯-羽扇豆-28-酸(4)、(24R)-5α-豆甾-3,6-二酮(5)、桦木酮酸(6)、硬脂酸(7)、棕榈酸(8)、3-酮基-齐墩果酸(9)、阿江榄仁酸(10)、胡萝卜苷(11)。",治风湿关节痛、腰腿痛：①半枫荷根、枫荷梨根各30克。炖猪骨或猪瘦肉同服。②半枫荷茎500克。切片浸酒2500毫升，10天后用。每日服3次，每次5-30毫升，并搽患部至皮肤发红为度。(《全国中草药汇编》),半枫荷乙醇提取物有明显的祛除炎症功效与作用，并且具有轻度的镇痛效果。,尚不明确。,http://www.zhongyoo.com//uploads/allimg/130528/1-13052Q04504344.jpg,"广东,海南,福建,广西,台湾",性温,"味甘,微涩","肾经,肝经"
白花蛇舌草 baihuasheshecao,蛇舌草、蛇删草、目目生珠草、蛇针草、节节结蕊草。,Herba Hedyotidis,茜草科植物白花蛇舌草Oldenlandia diffusa (Willd) Roxb.的全草。,一年生小草本。茎略扁，细长。叶对生，膜质，无柄，线形，顶端急尖，仅具1条主脉；托叶基部合生，顶端芒尖。春、夏季开花；花单生或成对生于叶腋，无花梗或有短的花梗；萼管球形，4裂，裂片长圆状披针形，顶端渐尖，边缘有缘毛；花冠白色，管状，顶部4裂，裂片卵状长圆形；雄蕊4枚，着生于冠管喉部，花药突出冠管外；花柱顶端2裂，裂片扩展。蒴果膜质，扁球形，顶部有宿存的萼檐裂片。种子细小，有棱。果期8～9月。,生于水田田埂和潮湿的旷地上。分布于广东、海南、广西等地。,夏季采收，洗净，鲜用或晒干。,白花蛇舌草的全草扭缠成团状，灰绿色或灰棕色。有主根1条，须根纤细。茎细而卷曲，质脆易折断，中央有白色髓部。叶多破碎，极皱缩，易脱落；有托叶。花腋生，多具梗。气微，味淡。,性凉，味微苦、微甘。归胃经、大肠经、小肠经。,清热、利湿、解毒、抗癌。属清热药下属中的清热解毒药(一说为抗肿瘤药)。,白花蛇舌草用量50～100克或捣汁，煎服。外用：捣敷。用治肺热喘咳、咽喉肿痛；湿热黄疸、胃炎、胆囊炎、胆石症；肠炎、痢疾、肾盂肾炎、尿道炎、盆腔炎；热毒疮疡、肺痈、肠痈、毒蛇咬伤。内服外敷均可。,挥发油中提取得34种化合物，其中最主要的是对乙烯基苯酚、对乙烯基愈创木酚和芳樟醇。另含有2-甲基-3-羟基-4-甲氧基葸醌、车叶草苷酸、鸡屎藤次苷等成分。,1.治急慢性腹泻：鲜白花蛇舌草120克，煎水内服。(《四川中药志》1979年),增强免疫功能；有抗菌作用，抗肿瘤；白花蛇舌草对离体兔肠大剂量呈显著的抑制功效与作用，并可对抗乙酰胆碱或肾上腺素引起的肠兴奋或抑制作用。增强肾上腺皮质功能。,阴疽，脾胃虚寒，孕妇慎用。,http://www.zhongyoo.com//uploads/allimg/130324/1-1303241914091D.jpg,"广东,海南,广西",性凉,"味,微苦,微甘","胃经,大肠经,小肠经"
槟榔 binglang,槟榔子、大腹子、宾门、橄榄子、青仔、洗瘴丹、大腹槟榔、槟榔玉。,Arecae Semen,棕榈科植物槟榔Areca catechu L.的成熟种子。,常绿乔木。茎干直立，不分枝，叶丛生于茎顶端；羽状复叶，叶轴三菱形，具长叶鞘。花单性同株，肉穗花序生于最下部叶的叶鞘束下，多分枝，成圆锥状，苞片大，佛焰苞状，雄花小而多，无柄，生于分枝的上部，萼片3，极小，花瓣3；雄蕊6枚，退化雄蕊3枚；雌花较大而少，无柄，生于分枝的下部，萼片及花瓣各3，退化雄蕊6枚，子房上位，1室。坚果。,槟榔均为栽培。分布于广东、海南、福建、台湾、广西等地。,冬、春季果实成熟时采收，剥去果皮，取出种子晒干。,扁球形或圆锥形。表面淡黄棕色或淡红棕色，具稍凹的网状沟纹，底部中心有圆形凹陷的珠孔，其旁有一明显疤痕状种脐。质坚硬，断面可见棕色种皮与白色胚乳相间的大理石花纹。气微，味涩、微苦。,味苦、辛，性温。归胃经、大肠经。,驱虫、消积、下气、行水。属驱虫药。,槟榔用量3～9克，煎服。用治绦虫、蛔虫、姜片虫病；虫积腹痛、积滞泻痢、里急后重、水肿脚气、疟疾。驱绦虫、姜片虫：30～60克。,槟榔种子含总生物碱0.3%～0.6%，主要为槟榔碱，及少量的槟榔次碱，去甲基槟榔碱，去甲基槟榔次碱，异去甲基槟榔次碱，槟榔副碱，高槟榔碱、硬脂酸、肉豆蔻酸、左旋表儿茶精、鞣质、原矢车菊素A-1等成分，大多与鞣酸结合形式存在。还含鞣质约15%，内有右旋儿茶精，左旋表儿茶精，原矢车菊素A-1，B-1和B-2以及称为槟榔鞣质A、B的两个系列化合物，这两个系列均系原矢车菊素的二聚体、三聚体、四聚体、五聚体。,1.治诸虫在脏，久不瘥者：槟榔(炮)15克为末。每服6克，以葱、蜜煎汤调服3克。(《圣惠方》),槟榔有驱虫、兴奋胆碱受体、抗病原微生物、抗高血压、抗癌的功效与作用。,气虚下陷者禁服。,http://www.zhongyoo.com//uploads/allimg/130528/1-13052Q02QX08.jpg,"广东,海南,福建,台湾,广西",性温,"味苦,辛","胃经,大肠经"
草豆蔻 caodoukou,豆蔻、草蔻、草蔻仁、草果。,Alpiniae Katsumadai Semen,姜科植物草豆蔻Alpinia katsumadai Hayata.的成熟种子。,多年生草本。根茎粗壮。叶2列；叶片狭椭圆形或披针形，先端渐尖，基部楔形，全缘，有缘毛，上面光滑或微被毛，下面被疏毛；叶柄短；叶鞘膜质，抱茎；叶舌广卵形，革质。总状花序顶生，直立，花序轴密被黄色粗柔毛；花梗被柔毛；小苞片阔椭圆形，白色，先端钝圆，有l短尖，外面密生粗毛，基部联合呈闭合状，紧抱花蕾；花萼钟状，白色，先端有不等大的3钝齿；花冠上部3裂，中裂片较大，长圆形，两侧裂片椭圆形，中下部与唇瓣背部联合，唇瓣阔卵形，白色，先端浅裂，边缘具缺刻，前部具红色或红黑色条状纹理，后部具淡紫红色斑点；侧生退化雄蕊披针形或不存在，可育雄蕊l枚，花药椭圆形；子房下位，密被淡黄色绢毛。蒴果近圆球形，外被粗毛，萼宿存，熟时黄绿色。种子卵状多角形，表面灰棕色，被有灰白色假种皮。花期4～6月，果期5～8月。,生于沟谷、河边以及林缘阴湿处或草丛中。分布于广东、海南、广西等地。,夏、秋季采摘近成熟果实，晒至九成干或用水略烫晒至半干，除去果皮，取出种子团，晒干。,草豆蔻药材类球形。表面灰褐色，中间有黄白色的隔膜，将种子团分成3瓣，每瓣有种子多数，粘连紧密，种子团略光滑。种子为卵圆状多面体，外被淡棕色膜质假种皮，种背一端有种脐。质硬，将种子沿种背纵剖两瓣，纵断面观呈斜心形，种皮沿种脊向内伸入部分约占整个表面积的1/2；胚乳灰白色。气香，味辛、微苦。,味辛，性温。归脾经、胃经。,燥湿健脾、温胃止呕。属化湿药。,用量3～6克，煎服。草豆蔻用治寒湿内阻、脘腹胀满冷痛、嗳气呕逆、不思饮食。,"草豆蔻含挥发油、黄酮类和皂苷等成分。挥发油中含桉油精、a-蛇麻烯(a-humulene) 、反-麝子油醇(trans-farnesol)等，并含豆蔻素(cardamomin)、乔松素、桤木酮、山姜素(alpinetin)和、5,6-去氢卡瓦胡椒素等成分。",①治小儿霍乱吐泻：草豆蔻、槟榔、甘草等分。上为末。姜煎3克，空心服。(《普济方》),10%浸出液可使胃蛋白酶的活力显著升高。草豆蔻还可与花椒、八角和肉桂等药材配合使用作为食品调味剂，可去除鱼、肉等食品的异味。,不宜久煎。阴虚血少，津液不足者禁服，无寒湿者慎服。,http://www.zhongyoo.com//uploads/allimg/130319/1-130319214210636.jpg,"广东,海南,广西",性温,味辛,"脾经,胃经"
布渣叶 buzhaye,崩补叶、泡卜布、山茶叶、蓑衣子、破布叶、麻布叶。,Microctis Folium,椴树科植物破布叶Microcos paniculata Linn.的叶。,灌木或小乔木。树皮灰黑色。单叶互生，纸质，卵形或卵状长圆形，顶端渐尖，基部浑圆，幼叶两面均被星状柔毛，后无毛或近无毛，边缘有小锯齿，基出脉3条，网脉很明显，叶柄粗壮长；托叶线状披针形，长约为叶柄之半。圆锥花序顶生或生于上部叶腋内，花序和花梗均密被灰黄色星状柔毛；萼片5枚，长圆形，被星状柔毛；花瓣5片，长圆形，两面均被毛；雄蕊多数，离生；子房近球形，无毛。核果近球形或倒卵状圆球形，黑褐色，无毛。,布渣叶生于山谷、丘陵、平地或村边、路旁的灌木丛中。分布于广东、海南、云南、广西等地。,夏、秋季采收。摘取叶片，阴干或晒干(不宜在烈日下曝晒，否则色黄质次)。,布渣叶的叶片多皱缩或破碎。完整者展平后呈卵状长圆形或倒卵状矩圆形，黄绿色、绿褐色或黄棕色，有短柄。先端渐尖，基部圆钝，稍偏斜，边缘具细齿。基出脉3条，侧脉羽状，小脉网状。叶脉及叶柄被柔毛。纸质，易破碎。气微，味淡，微酸涩。,味甘、淡，性微寒。归脾经、胃经。,清热消滞、利湿退黄。属清热药下属中的清热泻火药。,用量15～30克，煎服；亦可配作凉茶用。用治感冒、食滞、湿热食滞之脘腹胀痛、食少泄泻、湿热黄疸，也有用治急性黄疸型肝炎，单纯性消化不良。,布渣叶含黄酮类成分，有异鼠李黄素、山柰黄素、槲皮黄素、5，6，4'-三羟基-3'-甲氧基黄酮-7-0-鼠李糖基葡萄糖苷、5，6，8，4'-四羟基黄酮-7-0-鼠李糖苷等。,1.治消化不良；腹泻：布渣叶、番石榴叶、辣蓼各18克。水煎服，每日两剂。重症适当配合补液及抗菌素治疗。,布渣叶水提物对离体豚鼠心脏有增加冠脉血流量的功效与作用，并能提高小鼠耐缺氧能力，对垂体后叶素所致的大鼠急性心肌缺血有保护作用，增加麻醉兔的脑血流量，降低血压与脑血管阻力。,孕妇慎服，,http://www.zhongyoo.com//uploads/allimg/2109/1-210910193346111.jpg,"广东,海南,云南,广西",性微寒,"味甘,淡","脾经,胃经"
当归 danggui,秦归、云归、西当归、干归、马尾归、岷当归。,Angelicae Sinensis Radix,伞形科植物当归Angelica sinensis (Oliv.) Diels.的根。,多年生草本。茎直立，带紫色，有明显的纵直槽纹，无毛。叶为2～3回奇数羽状复叶，叶鞘膨大；叶片卵形，小叶3对，近顶端的一对无柄，呈1～2回分裂，裂片边缘有缺刻。复伞形花序，顶生，伞梗10～14，长短不等，基部有2个线形总苞片或缺；小总苞片2～4，线形；每一小伞形花序有花12～36朵，小伞梗密被细柔毛；萼齿5，细卵形；花瓣5，白色，长卵形，先端狭尖略向内折；雄蕊5枚，花丝内弯；子房下位，花柱基部圆锥形。双悬果椭圆形，分果有果棱5条，背棱线形隆起，侧棱发展成宽而薄的翅，翅边缘淡紫色，背部扁平。花期7月，果期8～9月。,生于海拔1800～2500米高寒阴湿地方。栽培于四川、云南、陕西、贵州，青海、宁夏也有。在甘肃深山老林中曾发现有野生的。,秋末采挖，除去须根及泥沙，待水分稍蒸发后捆成小把，上棚，用烟火慢慢熏干。,略圆柱形，下部有支根3～5条或更多，长15～25厘米。表面黄棕色至棕褐色，具纵皱纹及横长皮孔。根头(归头)直径1.5～4厘米，具环纹，上端圆钝，有紫色或黄绿色的茎及叶鞘的残基；主根(归身)表面凹凸不平；支根(归尾)直径0.3～1厘米，上粗下细，多扭曲，有少数须根痕。质柔韧，断面黄白色或淡黄棕色，皮部厚，有裂隙及多数棕色点状分泌腔，木部色较淡，形成层环黄棕色。有浓郁的香气，味甘、辛、微苦。,性温，味甘、辛。归肝经、心经、脾经。,补血活血、调经止痛、润肠通便。属补虚药下属分类的补血药。,用量6～12克，煎服。用治血虚萎黄、眩晕心悸、月经不调、经闭痛经、虚寒腹痛、肠燥便秘、风湿痹痛、跌扑损伤、痈疽疮疡。,当归挥发油中主要成分为藁本内酯、正丁烯基嗼内酯和当归酮等，尚含维生素B12和铁、锌等多种微量元素。另含阿魏酸、苯乙酮、菖蒲二烯、香荆芥酚、愈创木酚、茴香酸、当归内酯、藁本内酯二聚体等。,1.治月经壅滞，脐腹疼痛：当归、玄胡索各等分。上为粗末。每服9克，加生姜三片，水煎稍热服。(《济阴纲目》玄归散),当归有降低血小板聚集及抗血栓的功效与作用；促进造血系统功能；降血脂及抗动脉硬化；抗氧化和清除自由基；增强免疫系统功能；抑制I、Ⅱ、Ⅲ、Ⅳ型变态反应；对子宫具有兴奋及抑制的双向性作用；抑制前列腺增生；抗促性腺激素；抗辐射损伤；抗肿瘤；抗炎镇痛、抗损伤；保肝，利胆，促进消化，抑制胃肠的推动运动；具有抑制神经系统、松弛气管平滑肌、利尿、抑菌等作用。可抑制离体动物的子宫而兴奋整体动物的子宫。藁本内酯对实验动物有平喘作用，对其中枢神经系统有抑制作用。抗贫血作用可能与所含的维生素B12和铁、锌等微量元素有关。,热盛出血患者禁服，湿盛中满及大便溏泄者慎服。,http://www.zhongyoo.com//uploads/allimg/131228/1-13122P91A1S9.jpg,"四川,云南,陕西,贵州,青海,宁夏,甘肃",性温,"味甘,辛","肝经,心经,脾经"
牡蛎 muli,左壳、蚝壳、海蛎子壳、蛎蛤、牡蛤、海砺子皮。,Ostreae Concha。,牡蛎科动物长牡蛎Ostrea gigas Thunberg、大连湾牡蛎Otalianwhanensis Crosse或近江牡蛎D.rivularis Gould的贝壳。,贝壳左右2片，极不规则，厚而坚硬。左壳较大而凹，固着于海底岩石上；右壳较小而平坦，呈钙化质状。贝壳外表面有多层起伏的鳞片，灰白色、淡黄色、黄褐色至淡紫色，边缘极粗糙。内表面瓷白色，可见深色闭壳肌痕。肉质部可见鳃、心室、心耳及外套膜触手等。,生活于低潮线附近或浅海泥沙质海底及岩礁上，近江牡蛎及长牡蛎分布于全国沿海各地，大连湾牡蛎分布于辽宁、河北、山东沿海。,全年可采，拾取后，取肉供食用，贝壳洗净，晒干。,牡蛎药材的外形不一，分左右两壳，一般左壳较大而厚。壳外面粗糙不平，内表面光滑、瓷白色。质硬脆，断面层状。味微咸。长牡蛎：呈长片状，背腹缘几乎平行。右壳较小，坚厚鳞片层状或层纹状排列，壳表面较平坦，淡紫色、灰白色或黄褐色。 大连湾牡蛎：呈类三角形，背腹缘呈“八”字形，左壳面鳞片坚厚，右壳面鳞片呈波状的同心性排列。近江牡蛎：多呈类圆形或三角状类圆形，右壳同心性排列的鳞片层层重叠，边缘有时带紫色。,性微寒，味咸。归肝经、胆经、肾经。,重镇安神，潜阳补阴，软坚散结，煅牡蛎收敛固涩。属平肝息风药下属分类的平抑肝阳药。,9～30克，先煎，外用适量，研末撒或调敷。用治惊悸失眠，眩晕耳鸣、瘰蛎痰核、癥瘕痞块。煅牡蛎用治自汗盗汗、遗精崩带、胃痛泛酸。,牡蛎主含碳酸钙80%～95%、磷酸钙及硫酸钙。此外尚含镁、铁、铝、硅等多种无机元素及多种氨基酸，无机元素的种类和含量因品种与产地不同而异。, ①治风虚汗出，少气：牡蛎(烧为粉)30克，白术30克，防风(去芦头)30克。上件药，捣细罗散，每服不计时候，以温水调下6克。恶风倍防风，少气配白术，汗多出、面肿倍牡蛎。(《圣惠方》牡蛎散),牡蛎具有镇静、局部麻醉的功效与作用，并能抑制神经肌肉兴奋，抗实验性胃溃疡损伤，及增强免疫功能。,不宜多服久服，以免引起便秘和消化不良。,http://www.zhongyoo.com//uploads/allimg/140320/1-140320194630206.jpg,"辽宁,河北,山东",性微寒,"味,咸","肝经,胆经,肾经"
